Acession_ID,Name,Country,Lat,Long,Collector,CS_number,Admixture_group,
88,CYR,FRA,47.4,0.683333,Valerie Le Corre,CS76790,western_europe,
108,LDV-18,FRA,48.5167,-4.06667,Valerie Le Corre,CS77013,western_europe,
139,LDV-46,FRA,48.5167,-4.06667,Valerie Le Corre,CS77014,western_europe,
159,MAR2-3,FRA,47.35,3.93333,Valerie Le Corre,CS77070,western_europe,
265,PYL-6,FRA,44.65,-1.16667,Valerie Le Corre,CS77198,admixed,
350,TOU-A1-88,FRA,46.6667,4.11667,Fabrice Roux,CS77382,western_europe,
351,TOU-A1-89,FRA,46.6667,4.11667,Fabrice Roux,CS77383,western_europe,
403,Zdarec3,CZE,49.3667,16.2667,Marie-Theres Hauser,CS78873,central_europe,
410,Doubravnik7,CZE,49.4211,16.3497,Marie-Theres Hauser,CS76808,central_europe,
424,Draha2,CZE,49.4112,16.2815,Marie-Theres Hauser,CS76812,central_europe,
428,Borky1,CZE,49.403,16.232,Marie-Theres Hauser,CS76718,central_europe,
430,Gr-1,AUT,47,15.5,Albert Kranz,CS76496,central_europe,
470,BRR4,USA,40.8313,-87.735,Diane Byers,CS78943,germany,
476,BRR12,USA,40.8313,-87.735,Diane Byers,CS78944,germany,
484,BRR23,USA,40.8313,-87.735,Diane Byers,CS78945,germany,
504,BRR57,USA,40.8313,-87.735,Diane Byers,CS78946,germany,
506,BRR60,USA,40.8313,-87.735,Diane Byers,CS78947,germany,
531,BRR107,USA,40.8313,-87.735,Diane Byers,CS78948,germany,
544,LI-WP-039,USA,40.9076,-73.2089,Oliver Bossdorf,CS78949,germany,
546,LI-WP-041,USA,40.9076,-73.2089,Oliver Bossdorf,CS78950,germany,
628,LI-OF-061,USA,40.7777,-72.9069,Oliver Bossdorf,CS78951,western_europe,
630,LI-OF-065,USA,40.7777,-72.9069,Oliver Bossdorf,CS77036,western_europe,
680,LI-RR-096,USA,40.9447,-72.8615,Oliver Bossdorf,CS78952,germany,
681,LI-RR-097,USA,40.9447,-72.8615,Oliver Bossdorf,CS78953,germany,
685,LI-EF-011,USA,40.9064,-73.1493,Oliver Bossdorf,CS78954,germany,
687,LI-EF-018,USA,40.9064,-73.1493,Oliver Bossdorf,CS78955,germany,
728,LI-SET-019,USA,40.9352,-73.114,Oliver Bossdorf,CS78956,germany,
742,LI-SET-036,USA,40.9352,-73.114,Oliver Bossdorf,CS78957,germany,
763,Kar-1,KGZ,42.3,74.3667,Olivier Loudet,CS76522,asia,
765,Sus-1,KGZ,42.19,73.41,Olivier Loudet,CS76607,asia,
766,Dja-1,KGZ,42.5833,73.6333,Olivier Loudet,CS76473,asia,
768,Zal-1,KGZ,42.8,76.35,Olivier Loudet,CS76634,asia,
772,Neo-6,TJK,37.35,72.4667,Olivier Loudet,CS76560,asia,
801,KYC-33,USA,37.9169,-84.4639,Kathleen Donohue,CS76992,germany,
853,MIA-1,USA,41.7976,-86.6691,Kathleen Donohue,CS78958,germany,
854,MIA-5,USA,41.7976,-86.6691,Kathleen Donohue,CS78959,germany,
867,MIC-20,USA,41.8266,-86.4366,Kathleen Donohue,CS78960,germany,
868,MIC-24,USA,41.8266,-86.4366,Kathleen Donohue,CS78961,germany,
870,MIC-31,USA,41.8266,-86.4366,Kathleen Donohue,CS77082,germany,
915,LIN S-5,USA,41.8972,-71.4378,Kathleen Donohue,CS77040,germany,
932,CHA-41,USA,42.3634,-71.1445,Kathleen Donohue,CS76765,western_europe,
991,Ale-Stenar-41-1,SWE,55.3822641,14.0526813,Jon Ågren,CS76651,south_sweden,
992,Ale-Stenar-44-4,SWE,55.3822641,14.0526813,Jon Ågren,CS76652,south_sweden,
997,Ale-Stenar-56-14,SWE,55.3822641,14.0526813,Jon Ågren,CS76653,south_sweden,
1002,Ale-Stenar-64-24,SWE,55.3822641,14.0526813,Jon Ågren,CS76654,south_sweden,
1006,Ale-Stenar-77-31,SWE,55.3822641,14.0526813,Jon Ågren,CS77636,south_sweden,
1061,Brösarp-11-135,SWE,55.7167,14.1333,Jon Ågren,CS76727,south_sweden,
1062,Brösarp-15-138,SWE,55.7167,14.1333,Jon Ågren,CS76728,south_sweden,
1063,Brösarp-21-140,SWE,55.7167,14.1333,Jon Ågren,CS76729,south_sweden,
1066,Brösarp-34-145,SWE,55.7167,14.1333,Jon Ågren,CS76730,south_sweden,
1070,Brösarp-45-153,SWE,55.7167,14.1333,Jon Ågren,CS77643,south_sweden,
1158,Aledal-6-49,SWE,56.7,16.5167,Jon Ågren,CS76656,south_sweden,
1166,Aledal-14-73,SWE,56.7,16.5167,Jon Ågren,CS77651,south_sweden,
1254,Tos-82-387,SWE,59.4333,17.0167,Jon Ågren,CS77379,north_sweden,
1257,Tos-95-393,SWE,59.4333,17.0167,Jon Ågren,CS77380,north_sweden,
1313,Ängsö-59-422,SWE,59.5667,16.8667,Jon Ågren,CS77658,admixed,
1317,Ängsö-74-430,SWE,59.5667,16.8667,Jon Ågren,CS76665,admixed,
1552,Sku-30,SWE,63.0833,18.3667,Jon Ågren,CS77251,north_sweden,
1612,Brn-10,USA,41.9,-86.583,Diane Byers,CS78962,germany,
1622,Brn-24,USA,41.9,-86.583,Diane Byers,CS78963,germany,
1651,DuckLkSP38,USA,43.3431,-86.4045,Diane Byers,CS78964,germany,
1652,DuckLkSP40,USA,43.3431,-86.4045,Diane Byers,CS78965,germany,
1676,Haz-2,USA,41.879,-86.607,Diane Byers,CS78966,germany,
1684,Haz-10,USA,41.879,-86.607,Diane Byers,CS78967,germany,
1739,KBS-Mac-68,USA,42.405,-85.398,Diane Byers,CS78968,germany,
1741,KBS-Mac-74,USA,42.405,-85.398,Diane Byers,CS78969,germany,
1756,Ker-4,USA,42.184,-86.358,Diane Byers,CS78970,germany,
1757,Ker-5,USA,42.184,-86.358,Diane Byers,CS78971,germany,
1793,L-R-5,USA,41.847,-86.67,Diane Byers,CS78972,germany,
1797,L-R-10,USA,41.847,-86.67,Diane Byers,CS78973,germany,
1819,Lak-12,USA,41.8,-86.67,Diane Byers,CS78974,germany,
1820,Lak-13,USA,41.8,-86.67,Diane Byers,CS78975,germany,
1829,Mdn-1,USA,42.051,-86.509,Diane Byers,CS77077,germany,
1834,Mdn-8,USA,42.051,-86.509,Diane Byers,CS78976,germany,
1835,Mdn-10,USA,42.051,-86.509,Diane Byers,CS78977,germany,
1851,MNF-Pot-10,USA,43.595,-86.2657,Diane Byers,CS78978,germany,
1852,MNF-Pot-15,USA,43.595,-86.2657,Diane Byers,CS78979,germany,
1853,MNF-Pot-21,USA,43.595,-86.2657,Diane Byers,CS77099,germany,
1872,MNF-Pot-75,USA,43.595,-86.2657,Diane Byers,CS77100,germany,
1890,MNF-Riv-21,USA,43.5139,-86.1859,Diane Byers,CS77101,asia,
1925,MNF-Che-2,USA,43.5251,-86.1843,Diane Byers,CS77096,germany,
1942,MNF-Che-47,USA,43.5251,-86.1843,Diane Byers,CS78980,germany,
1943,MNF-Che-49,USA,43.5251,-86.1843,Diane Byers,CS78981,germany,
1954,MNF-Jac-12,USA,43.5187,-86.1739,Diane Byers,CS77097,germany,
2016,MNF-Pin-39,USA,43.5356,-86.1788,Diane Byers,CS77098,admixed,
2017,MNF-Pin-40,USA,43.5356,-86.1788,Diane Byers,CS78982,germany,
2031,Map-8,USA,42.166,-86.412,Diane Byers,CS78983,germany,
2053,Map-35,USA,42.166,-86.412,Diane Byers,CS78984,germany,
2057,Map-42,USA,42.166,-86.412,Diane Byers,CS77732,germany,
2081,MuskSP-68,USA,43.2483,-86.3368,Diane Byers,CS78985,germany,
2091,MuskSP-83,USA,43.2483,-86.3368,Diane Byers,CS78986,germany,
2106,MSGA-10,USA,43.2749,-86.0891,Diane Byers,CS78987,germany,
2108,MSGA-12,USA,43.2749,-86.0891,Diane Byers,CS78988,germany,
2141,MSGA-61,USA,43.2749,-86.0891,Diane Byers,CS78989,germany,
2159,Paw-13,USA,42.148,-86.431,Diane Byers,CS78990,germany,
2166,Paw-20,USA,42.148,-86.431,Diane Byers,CS78991,germany,
2171,Paw-26,USA,42.148,-86.431,Diane Byers,CS77164,germany,
2191,Pent-7,USA,43.7623,-86.3929,Diane Byers,CS78992,germany,
2202,Pent-23,USA,43.7623,-86.3929,Diane Byers,CS77168,admixed,
2212,Pent-46,USA,43.7623,-86.3929,Diane Byers,CS78993,germany,
2239,Riv-25,USA,42.184,-86.382,Diane Byers,CS78994,germany,
2240,Riv-26,USA,42.184,-86.382,Diane Byers,CS78995,germany,
2276,SLSP-31,USA,43.665,-86.496,Diane Byers,CS77254,admixed,
2278,SLSP-35,USA,43.665,-86.496,Diane Byers,CS77255,germany,
2285,SLSP-69,USA,43.665,-86.496,Diane Byers,CS78996,germany,
2286,SLSP-67,USA,43.665,-86.496,Diane Byers,CS78997,germany,
2317,Ste-40,USA,42.03,-86.514,Diane Byers,CS77278,admixed,
2370,Yng-4,USA,41.865,-86.646,Diane Byers,CS78998,germany,
2412,Yng-53,USA,41.865,-86.646,Diane Byers,CS78999,germany,
4779,UKSW06-179,UK,50.4,-4.9,Eric Holub,CS78808,western_europe,
4807,UKSW06-207,UK,50.4,-4.9,Eric Holub,CS78809,western_europe,
4826,UKSW06-226,UK,50.4,-4.9,Eric Holub,CS78810,western_europe,
4840,UKSW06-240,UK,50.4,-4.9,Eric Holub,CS79000,western_europe,
4857,UKSW06-257,UK,50.3,-4.9,Eric Holub,CS79001,western_europe,
4884,UKSW06-285,UK,50.3,-4.9,Eric Holub,CS78811,western_europe,
4900,UKSW06-302,UK,50.3,-4.8,Eric Holub,CS78812,western_europe,
4939,UKSW06-341,UK,50.4,-4.7,Eric Holub,CS79002,western_europe,
4958,UKSW06-360,UK,50.5,-4.5,Eric Holub,CS78814,western_europe,
5023,UKSE06-118,UK,51.3,0.5,Eric Holub,CS78799,western_europe,
5104,UKSE06-252,UK,51.3,0.5,Eric Holub,CS78800,germany,
5151,UKSE06-325,UK,52.2,-1.7,Eric Holub,CS78801,admixed,
5165,UKSE06-362,UK,51.3,0.4,Eric Holub,CS78802,admixed,
5210,UKSE06-432,UK,51.2,0.3,Eric Holub,CS78803,western_europe,
5236,UKSE06-470,UK,51.2,0.4,Eric Holub,CS78804,western_europe,
5249,UKSE06-491,UK,51.2,0.3,Eric Holub,CS79003,western_europe,
5253,UKSE06-500,UK,51.1,0.6,Eric Holub,CS78805,western_europe,
5276,UKSE06-533,UK,51.3,1.1,Eric Holub,CS78806,western_europe,
5279,UKSE06-541,UK,51.3,1.1,Eric Holub,CS79004,western_europe,
5349,UKSE06-639,UK,51.1,0.4,Eric Holub,CS78807,western_europe,
5353,UKNW06-003,UK,54.5,-3,Eric Holub,CS78792,western_europe,
5395,UKNW06-102,UK,54.4,-3,Eric Holub,CS79005,western_europe,
5486,UKNW06-233,UK,54.6,-3.3,Eric Holub,CS78794,germany,
5577,UKNW06-403,UK,54.7,-3.4,Eric Holub,CS78797,western_europe,
5644,UKNW06-481,UK,54.4,-2.9,Eric Holub,CS78798,western_europe,
5651,UKNW06-488,UK,54.4,-2.9,Eric Holub,CS79006,western_europe,
5717,Bra-1,UK,54.6,-3.2,Eric Holub,CS79007,western_europe,
5718,UKID11,UK,57,-3.4,Eric Holub,CS79008,western_europe,
5720,Cal-2,UK,53.3,-1.6,D. Ratcliffe,CS78781,admixed,
5726,Cnt-1,UK,51.3,1.1,Eric Holub,CS78782,western_europe,
5741,For-2,UK,56.6,-4.1,D. Ratcliffe,CS78783,western_europe,
5748,Kil-0,UK,56,-4.4,D. Ratcliffe,CS78784,germany,
5757,Mc-1,UK,54.6,-2.3,D. Ratcliffe,CS78785,admixed,
5768,UKID63,UK,54.1,-1.5,Eric Holub,CS78786,admixed,
5772,Set-1,UK,54.1,-2.3,D. Ratcliffe,CS78787,admixed,
5776,UKID71,UK,52.9,-1.3,Eric Holub,CS79009,western_europe,
5779,UKID74,UK,51,-3.1,Eric Holub,CS78789,western_europe,
5784,Ty-1,UK,56.4,-5.2,D. Ratcliffe,CS78790,admixed,
5798,UKID93,UK,53.1,-3.3,Eric Holub,CS79010,western_europe,
5800,UKID96,UK,57.4,-5.5,Eric Holub,CS78791,germany,
5811,UKID107,UK,52.9,-3.1,Eric Holub,CS78778,admixed,
5822,UKID116,UK,56.7333,-5.98333,Eric Holub,CS78780,admixed,
5830,App1-12,SWE,56.3130014,15.9807762,Magnus Nordborg,CS76667,south_sweden,
5831,App1-14,SWE,56.3130014,15.9807762,Magnus Nordborg,CS76668,south_sweden,
5832,App1-16,SWE,56.3130014,15.9807762,Magnus Nordborg,CS76669,south_sweden,
5836,Boo2-3,SWE,55.86,13.51,Magnus Nordborg,CS77906,south_sweden,
5837,Bor-1,CZE,49.4013,16.2326,Jirina Relichov,CS76453,central_europe,
5856,Dör-10,SWE,63.0091989,17.4849587,Magnus Nordborg,CS76806,north_sweden,
5860,Dra-3,SWE,62.6827735,18.0141098,Magnus Nordborg,CS77913,north_sweden,
5865,Dra1-4,SWE,55.7565106,14.1231006,Magnus Nordborg,CS76809,south_sweden,
5867,Dra2-1,SWE,55.7570661,14.1220385,Magnus Nordborg,CS76810,south_sweden,
5874,DraII-6,CZE,49.4112,16.2815,Jirina Relichov,CS76814,central_europe,
5890,DraIV 1-8,CZE,49.4112,16.2815,Jirina Relichov,CS76817,central_europe,
5893,DraIV 1-11,CZE,49.4112,16.2815,Jirina Relichov,CS76816,central_europe,
5907,DraIV 2-9,CZE,49.4112,16.2815,Jirina Relichov,CS76818,central_europe,
5921,DraIV 3-7,CZE,49.4112,16.2815,Jirina Relichov,CS76819,central_europe,
5950,DraIV 5-12,CZE,49.4112,16.2815,Jirina Relichov,CS76820,central_europe,
5984,DraIV 6-13,CZE,49.4112,16.2815,Jirina Relichov,CS76822,central_europe,
5993,DraIV 6-22,CZE,49.4112,16.2815,Jirina Relichov,CS76823,central_europe,
6008,Duk,CZE,49.1,16.2,Jirina Relichov,CS76824,central_europe,
6009,Eden-1,SWE,62.8759855,18.1749827,Magnus Nordborg,CS76826,north_sweden,
6010,Eden-5,SWE,62.8759855,18.1749827,Magnus Nordborg,CS78000,north_sweden,
6011,Eden-6,SWE,62.8759855,18.1749827,Magnus Nordborg,CS76828,north_sweden,
6012,Eden-7,SWE,62.8759855,18.1749827,Magnus Nordborg,CS76829,north_sweden,
6013,Eden-9,SWE,62.8759855,18.1749827,Magnus Nordborg,CS76830,north_sweden,
6016,Eds-1,SWE,62.9147,18.4045,Magnus Nordborg,CS76834,north_sweden,
6017,Eds-9,SWE,62.9147,18.4045,Magnus Nordborg,CS76835,north_sweden,
6019,Fjä1-2,SWE,56.0617671,14.2786489,Magnus Nordborg,CS76860,south_sweden,
6020,Fjä1-5,SWE,56.0617671,14.2786489,Magnus Nordborg,CS76861,south_sweden,
6021,Fjä2-4,SWE,56.068008,14.281492,Magnus Nordborg,CS76862,south_sweden,
6022,Fjä2-6,SWE,56.068008,14.281492,Magnus Nordborg,CS78009,south_sweden,
6023,Fly2-1,SWE,55.7501271,13.3720798,Magnus Nordborg,CS76863,south_sweden,
6024,Fly2-2,SWE,55.7501271,13.3720798,Magnus Nordborg,CS76864,south_sweden,
6025,Gro-3,SWE,62.6381,17.7311,Magnus Nordborg,CS76889,north_sweden,
6030,Grön-5,SWE,62.806,18.1896,Magnus Nordborg,CS76893,north_sweden,
6034,Hov1-7,SWE,56.0755241,13.7453108,Magnus Nordborg,CS76932,south_sweden,
6035,Hov1-10,SWE,56.0755241,13.7453108,Magnus Nordborg,CS76931,south_sweden,
6036,Hov3-2,SWE,56.1045244,13.7249024,Magnus Nordborg,CS76934,south_sweden,
6038,Hov3-5,SWE,56.1045244,13.7249024,Magnus Nordborg,CS76935,south_sweden,
6039,Hovdala-2,SWE,56.1132251,13.7296953,Torbjorn Sall,CS76937,admixed,
6040,Kni-1,SWE,55.66,13.4,Magnus Nordborg,CS76970,south_sweden,
6041,Lis-3,SWE,56.0089259,14.7427433,Magnus Nordborg,CS77044,south_sweden,
6042,Lom1-1,SWE,56.0964877,13.8561835,Magnus Nordborg,CS77048,admixed,
6043,Löv-1,SWE,62.8003225,18.075722,Magnus Nordborg,CS77049,north_sweden,
6046,Löv-5,SWE,62.8003225,18.075722,Magnus Nordborg,CS77050,north_sweden,
6064,Nyl-2,SWE,62.9513,18.2763,Magnus Nordborg,CS77136,north_sweden,
6069,Nyl-7,SWE,62.95681,18.2763,Magnus Nordborg,CS77137,north_sweden,
6070,Omn-1,SWE,62.956806,18.339997,Magnus Nordborg,CS77145,north_sweden,
6071,Omn-5,SWE,62.956806,18.339997,Magnus Nordborg,CS77146,north_sweden,
6073,ÖMö1-7,SWE,56.1460908,15.7779722,Magnus Nordborg,CS77147,south_sweden,
6074,Ör-1,SWE,56.4573992,16.1301702,Magnus Nordborg,CS77150,south_sweden,
6076,Rev-2,SWE,55.7170459,13.4354695,Magnus Nordborg,CS77215,south_sweden,
6077,Rev-3,SWE,55.7170459,13.4354695,Magnus Nordborg,CS78030,south_sweden,
6085,Sparta-1,SWE,55.709434,13.2155403,Magnus Nordborg,CS77260,south_sweden,
6086,Sr:3,SWE,58.9,11.2,Ivo Cetl,CS77267,admixed,
6087,Stu-2,SWE,56.465642,16.1302444,Magnus Nordborg,CS78033,south_sweden,
6088,Stu1-1,SWE,56.465642,16.1302444,Magnus Nordborg,CS77285,south_sweden,
6090,T1000,SWE,55.6525,13.2197,Mattias Jakobsson,CS77288,south_sweden,
6091,T1010,SWE,55.6525,13.215,Mattias Jakobsson,CS78035,south_sweden,
6092,T1020,SWE,55.6514,13.2233,Mattias Jakobsson,CS77289,south_sweden,
6094,T1040,SWE,55.6494,13.2147,Mattias Jakobsson,CS77290,south_sweden,
6095,T1050,SWE,55.6486,13.2161,Mattias Jakobsson,CS78039,south_sweden,
6096,T1060,SWE,55.6472,13.2225,Mattias Jakobsson,CS78040,south_sweden,
6097,T1070,SWE,55.6481,13.2264,Mattias Jakobsson,CS77291,south_sweden,
6098,T1080,SWE,55.6561,13.2178,Mattias Jakobsson,CS77292,south_sweden,
6099,T1090,SWE,55.6532394,13.2193742,Mattias Jakobsson,CS77293,south_sweden,
6100,T1110,SWE,55.6465188,13.2226591,Mattias Jakobsson,CS77294,south_sweden,
6101,T1120,SWE,55.6465188,13.2199068,Mattias Jakobsson,CS78045,south_sweden,
6102,T1130,SWE,55.6484554,13.2240307,Mattias Jakobsson,CS77295,south_sweden,
6104,T1160,SWE,55.6995163,13.2078964,Mattias Jakobsson,CS77296,south_sweden,
6105,T450,SWE,55.7912838,13.1166475,Mattias Jakobsson,CS77297,south_sweden,
6106,T460,SWE,55.7892517,13.1151131,Mattias Jakobsson,CS77298,south_sweden,
6107,T470,SWE,55.789833,13.1172969,Mattias Jakobsson,CS77299,south_sweden,
6108,T480,SWE,55.7925311,13.1162548,Mattias Jakobsson,CS77300,western_europe,
6109,T510,SWE,55.7895346,13.1113481,Mattias Jakobsson,CS77301,south_sweden,
6111,T530,SWE,55.7928025,13.1104309,Mattias Jakobsson,CS77302,south_sweden,
6112,T540,SWE,55.7908676,13.09336,Mattias Jakobsson,CS77303,south_sweden,
6113,T550,SWE,55.7976997,13.0996565,Mattias Jakobsson,CS77304,south_sweden,
6114,T570,SWE,55.7990936,13.1296295,Mattias Jakobsson,CS77305,south_sweden,
6115,T580,SWE,55.7932875,13.1326552,Mattias Jakobsson,CS77306,south_sweden,
6118,T610,SWE,55.7138306,13.1745511,Mattias Jakobsson,CS77307,south_sweden,
6119,T620,SWE,55.7034097,13.1729204,Mattias Jakobsson,CS78060,south_sweden,
6122,T670,SWE,55.8350143,13.2954193,Mattias Jakobsson,CS77308,south_sweden,
6123,T680,SWE,55.8351287,13.2986651,Mattias Jakobsson,CS78064,south_sweden,
6124,T690,SWE,55.8362185,13.2995709,Mattias Jakobsson,CS77309,south_sweden,
6125,T710,SWE,55.8371341,13.2984818,Mattias Jakobsson,CS77310,south_sweden,
6126,T720,SWE,55.8379372,13.3002261,Mattias Jakobsson,CS77311,south_sweden,
6128,T740,SWE,55.8397,13.2881,Mattias Jakobsson,CS77313,south_sweden,
6131,T780,SWE,55.8369,13.3181,Mattias Jakobsson,CS77315,south_sweden,
6132,T790,SWE,55.8386,13.3186,Mattias Jakobsson,CS77316,south_sweden,
6133,T800,SWE,55.8422437,13.2995693,Mattias Jakobsson,CS77317,south_sweden,
6134,T810,SWE,55.8383,13.2906,Mattias Jakobsson,CS77318,south_sweden,
6136,T840,SWE,55.9336,13.5519,Mattias Jakobsson,CS77319,south_sweden,
6137,T850,SWE,55.9419,13.5603,Mattias Jakobsson,CS77320,south_sweden,
6138,T860,SWE,55.9403,13.5511,Mattias Jakobsson,CS77321,south_sweden,
6140,T880,SWE,55.9392,13.5539,Mattias Jakobsson,CS77322,south_sweden,
6141,T890,SWE,55.9414,13.5542,Mattias Jakobsson,CS78079,south_sweden,
6142,T900,SWE,55.9428,13.5558,Mattias Jakobsson,CS77323,south_sweden,
6145,T930,SWE,55.9497,13.5533,Mattias Jakobsson,CS77324,south_sweden,
6148,T960,SWE,55.9319,13.5508,Mattias Jakobsson,CS77325,south_sweden,
6149,T970,SWE,55.9281,13.5481,Mattias Jakobsson,CS77326,south_sweden,
6150,T980,SWE,55.9261,13.5319,Mattias Jakobsson,CS77327,south_sweden,
6151,T990,SWE,55.6528,13.2244,Mattias Jakobsson,CS77328,south_sweden,
6153,TAA 03,SWE,62.6381,17.7311,Mattias Jakobsson,CS77329,north_sweden,
6154,TAA 04,SWE,62.6381,17.7311,Mattias Jakobsson,CS77330,north_sweden,
6163,TAA 14,SWE,62.6381,17.7311,Mattias Jakobsson,CS77331,north_sweden,
6166,TAA 17,SWE,62.6381,17.7311,Mattias Jakobsson,CS77332,north_sweden,
6169,TÅD 01,SWE,62.8622,18.336,Mattias Jakobsson,CS77333,north_sweden,
6172,TÅD 04,SWE,62.8622,18.336,Mattias Jakobsson,CS77335,north_sweden,
6173,TÅD 05,SWE,62.8622,18.336,Mattias Jakobsson,CS77336,north_sweden,
6174,TÅD 06,SWE,62.6252,17.6771,Mattias Jakobsson,CS77337,north_sweden,
6177,TÄL 03,SWE,62.6252,17.6771,Mattias Jakobsson,CS77338,north_sweden,
6180,TÄL 07,SWE,62.6252,17.6771,Mattias Jakobsson,CS77339,germany,
6184,TBÖ 01,SWE,62.8794,18.4473,Mattias Jakobsson,CS77343,north_sweden,
6188,TDr-1,SWE,55.758856,14.1328223,Mattias Jakobsson,CS77345,south_sweden,
6189,TDr-2,SWE,55.758856,14.1328223,Mattias Jakobsson,CS77351,south_sweden,
6191,TDr-4,SWE,55.758856,14.1328223,Mattias Jakobsson,CS77352,south_sweden,
6192,TDr-5,SWE,55.758856,14.1328223,Mattias Jakobsson,CS77353,south_sweden,
6193,TDr-7,SWE,55.758856,14.1328223,Mattias Jakobsson,CS77354,south_sweden,
6194,TDr-8,SWE,55.758856,14.1328223,Mattias Jakobsson,CS77355,south_sweden,
6195,TDr-9,SWE,55.758856,14.1328223,Mattias Jakobsson,CS77356,south_sweden,
6198,TDr-13,SWE,55.7567793,14.1225226,Mattias Jakobsson,CS77347,south_sweden,
6201,TDr-16,SWE,55.7567793,14.1225226,Mattias Jakobsson,CS77348,south_sweden,
6202,TDr-17,SWE,55.7567793,14.1225226,Mattias Jakobsson,CS77349,south_sweden,
6203,TDr-18,SWE,55.7567793,14.1225226,Mattias Jakobsson,CS77350,south_sweden,
6209,TEDEN 02,SWE,62.8759855,18.1749827,Mattias Jakobsson,CS77358,north_sweden,
6210,TEDEN 03,SWE,62.8759855,18.1749827,Mattias Jakobsson,CS77359,north_sweden,
6214,TFÄ 04,SWE,63.0165,18.3174,Mattias Jakobsson,CS78121,north_sweden,
6216,TFÄ 06,SWE,63.0165,18.3174,Mattias Jakobsson,CS77362,north_sweden,
6217,TFÄ 07,SWE,63.0165,18.3174,Mattias Jakobsson,CS77363,north_sweden,
6218,TFÄ 08,SWE,63.0165,18.3174,Mattias Jakobsson,CS77364,north_sweden,
6220,TGR 01,SWE,62.806,18.1896,Mattias Jakobsson,CS77365,north_sweden,
6221,TGR 02,SWE,62.806,18.1896,Mattias Jakobsson,CS77366,north_sweden,
6231,TNY 04,SWE,62.9513,18.2763,Mattias Jakobsson,CS77368,north_sweden,
6235,TOM 01,SWE,62.956806,18.339997,Mattias Jakobsson,CS77372,north_sweden,
6237,TOM 03,SWE,62.956806,18.339997,Mattias Jakobsson,CS77373,north_sweden,
6238,TOM 04,SWE,62.956806,18.339997,Mattias Jakobsson,CS77374,north_sweden,
6240,TOM 06,SWE,62.956806,18.339997,Mattias Jakobsson,CS77375,north_sweden,
6241,TOM 07,SWE,62.956806,18.339997,Mattias Jakobsson,CS77376,north_sweden,
6242,Tomegap-2,SWE,55.7060213,13.1960732,Mattias Jakobsson,CS77377,south_sweden,
6243,Tottarp-2,SWE,55.95,13.85,Magnus Nordborg,CS77381,central_europe,
6244,TRÄ 01,SWE,62.9169,18.4728,Mattias Jakobsson,CS77384,north_sweden,
6252,TV-4,SWE,55.5796,14.3336,Mattias Jakobsson,CS78771,germany,
6255,TV-7,SWE,55.5796,14.3336,Mattias Jakobsson,CS78772,germany,
6258,TV-10,SWE,55.5796,14.3336,Mattias Jakobsson,CS78767,admixed,
6268,TV-22,SWE,55.5796,14.3336,Mattias Jakobsson,CS78768,germany,
6276,TV-30,SWE,55.5796,14.3336,Mattias Jakobsson,CS78769,germany,
6284,TV-38,SWE,55.5796,14.3336,Mattias Jakobsson,CS78770,south_sweden,
6296,UduI 1-11,CZE,49.2771,16.6314,Jirina Relichov,CS78774,central_europe,
6390,UduI 3-36,CZE,49.2771,16.6314,Jirina Relichov,CS78775,central_europe,
6396,UduI 4-9,CZE,49.2771,16.6314,Jirina Relichov,CS78776,central_europe,
6413,Ull3-4,SWE,56.0630848,13.9583592,Magnus Nordborg,CS78819,south_sweden,
6424,ZdrI 1-23,CZE,49.3853,16.2544,Jirina Relichov,CS78875,central_europe,
6434,ZdrI 2-9,CZE,49.3853,16.2544,Jirina Relichov,CS78877,admixed,
6445,ZdrI 2-21,CZE,49.3853,16.2544,Jirina Relichov,CS78876,central_europe,
6680,ANH-1,GER,51.85,6.4333,Gerhard Röbbelen,CS76437,western_europe,
6739,CSHL-15,USA,40.8585,-73.4675,Catherine Weiss,CS79011,germany,
6740,CSHL-17,USA,40.8585,-73.4675,Catherine Weiss,CS79012,germany,
6744,CSHL-5,USA,40.8585,-73.4675,Catherine Weiss,CS76779,germany,
6749,FM-10,USA,42.4489,-76.5072,Michael Nachman,CS79013,germany,
6750,FM-11,USA,42.4489,-76.5072,Michael Nachman,CS79014,germany,
6805,HS-12,USA,42.373,-71.0627,Toby Kellogg,CS79015,germany,
6806,HS-17,USA,42.373,-71.0627,Toby Kellogg,CS79016,germany,
6814,KNO-15,USA,41.2816,-86.621,Joy Bergelson,CS79017,germany,
6830,Kz-13,KAZ,49.5,73.1,Ihsan Al-Shehbaz,CS76994,admixed,
6897,Ag-0,FRA,45,1.3,Albert Kranz,CS76430,western_europe,
6898,An-1,BEL,51.2167,4.4,Albert Kranz,CS76435,admixed,
6900,Bil-5,SWE,63.322186,18.4840729,Magnus Nordborg,CS76709,north_sweden,
6901,Bil-7,SWE,63.322186,18.4840729,Magnus Nordborg,CS76710,north_sweden,
6903,Bor-4,CZE,49.4013,16.2326,Jirina Relichov,CS76454,central_europe,
6904,Br-0,CZE,49.2,16.6166,Albert Kranz,CS76455,western_europe,
6907,CIBC-17,UK,51.4083,-0.6383,Mick Crawley,CS76770,admixed,
6908,CIBC-5,UK,51.4083,-0.6383,Mick Crawley,CS78894,western_europe,
6909,Col-0,USA,38.3,-92.3,Albert Kranz,CS76778,germany,
6911,Cvi-0,CPV,15.1111,-23.6167,Albert Kranz,CS76789,relict,Y
6913,Eden-2,SWE,62.8759855,18.1749827,Magnus Nordborg,CS76827,north_sweden,
6915,Ei-2,GER,50.3,6.3,Albert Kranz,CS76478,germany,
6917,Fäb-2,SWE,63.0165,18.3174,Magnus Nordborg,CS76850,north_sweden,
6918,Fäb-4,SWE,63.0165,18.3174,Magnus Nordborg,CS76851,north_sweden,
6919,Ga-0,GER,50.3,8,Albert Kranz,CS76490,central_europe,
6920,Got-22,GER,51.5338,9.9355,Gerhard Röbbelen,CS76884,admixed,
6922,Gu-0,GER,50.3,8,Albert Kranz,CS76498,germany,
6923,HR-10,UK,51.4083,-0.6383,Mick Crawley,CS76940,western_europe,
6924,HR-5,UK,51.4083,-0.6383,Mick Crawley,CS76514,western_europe,
6926,Kin-0,USA,44.46,-85.37,Albert Kranz,CS76527,western_europe,
6927,KNO-10,USA,41.2816,-86.621,Joy Bergelson,CS76973,germany,
6929,Kondara,TJK,38.48,68.49,Igor Vizir,CS76532,asia,
6931,Kz-9,KAZ,49.5,73.1,Ihsan Al-Shehbaz,CS76537,asia,
6932,Ler-1,POL,52.7325,15.2369,Eric Holub,CS77021,admixed,
6933,LL-0,ESP,41.59,2.49,Albert Kranz,CS77047,spain,
6938,Ms-0,RUS,55.7522,37.6322,Albert Kranz,CS76555,asia,
6940,Mz-0,GER,50.3,8.3,Albert Kranz,CS76557,germany,
6943,NFA-10,UK,51.4083,-0.6383,Mick Crawley,CS77126,western_europe,
6944,NFA-8,UK,51.4083,-0.6383,Mick Crawley,CS78913,western_europe,
6945,Nok-3,NED,52.24,4.45,Albert Kranz,CS76562,germany,
6951,Pu2-23,CZE,49.42,16.36,Ivo Cetl,CS76579,central_europe,
6956,Pu2-7,CZE,49.42,16.36,Ivo Cetl,CS76580,central_europe,
6957,Pu2-8,CZE,49.42,16.36,Ivo Cetl,CS77192,central_europe,
6958,Ra-0,FRA,46,3.3,Albert Kranz,CS76582,western_europe,
6959,Rennes-1,FRA,48.5,-1.41,Gerhard Röbbelen,CS77210,western_europe,
6960,Rennes-11,FRA,48.5,-1.41,Gerhard Röbbelen,CS77211,western_europe,
6961,Se-0,ESP,38.3333,-3.53333,Albert Kranz,CS76597,spain,
6963,Sorbo,TJK,38.35,68.48,Igor Vizir,CS78917,asia,
6966,Sq-1,UK,51.4083,-0.6383,Mick Crawley,CS77266,western_europe,
6967,Sq-8,UK,51.4083,-0.6383,Mick Crawley,CS76604,western_europe,
6968,Tamm-2,FIN,60,23.5,Outi Savolainen,CS76610,north_sweden,
6969,Tamm-27,FIN,60,23.5,Outi Savolainen,CS77341,north_sweden,
6970,Ts-1,ESP,41.7194,2.93056,Albert Kranz,CS76615,spain,
6971,Ts-5,ESP,41.7194,2.93056,Albert Kranz,CS77388,spain,
6973,Ull2-3,SWE,56.0648,13.9707,Magnus Nordborg,CS78817,germany,
6974,Ull2-5,SWE,56.0648,13.9707,Magnus Nordborg,CS78818,south_sweden,
6975,Uod-1,AUT,48.3,14.45,Marcus Koch,CS76621,central_europe,
6976,Uod-7,AUT,48.3,14.45,Marcus Koch,CS78823,central_europe,
6979,Wei-0,SUI,47.25,8.26,Alan Slusarenko,CS76628,central_europe,
6981,Ws-2,RUS,52.3,30,Georges Pelletier,CS78920,admixed,
6982,Wt-5,GER,52.3,9.3,Albert Kranz,CS76632,germany,
6984,Zdr-1,CZE,49.3853,16.2544,Jirina Relichov,CS76635,central_europe,
6986,Abd-0,UK,57.1539,-2.2207,R. Mitchelson,CS76429,western_europe,
6987,Ak-1,GER,48.0683,7.62551,Albert Kranz,CS76431,admixed,
6989,Alst-1,UK,54.8,-2.4333,Maarten Koornneef,CS76432,western_europe,
6990,Amel-1,NED,53.448,5.73,Maarten Koornneef,CS76434,admixed,
6992,Ang-0,BEL,50.3,5.3,Albert Kranz,CS76436,admixed,
6997,Appt-1,NED,51.8333,5.5833,Maarten Koornneef,CS76440,germany,
7000,Aa-0,GER,50.9167,9.57073,Albert Kranz,CS76428,germany,
7002,Baa-1,NED,51.3333,6.1,Maarten Koornneef,CS76442,germany,
7003,Bs-1,SUI,47.5,7.5,Albert Kranz,CS78888,admixed,
7008,Benk-1,NED,52,5.675,Maarten Koornneef,CS76447,germany,
7013,Bd-0,GER,52.4584,13.287,Albert Kranz,CS76445,south_sweden,
7014,Ba-1,UK,56.5459,-4.79821,Albert Kranz,CS76441,germany,
7025,Bl-1,ITA,44.5041,11.3396,Albert Kranz,CS76450,central_europe,
7026,Boot-1,UK,54.4,-3.2667,Maarten Koornneef,CS76452,western_europe,
7028,Bch-1,GER,49.5166,9.3166,Albert Kranz,CS76444,admixed,
7031,Bsch-0,GER,50.0167,8.6667,Albert Kranz,CS76457,germany,
7033,Buckhorn Pass,USA,41.3599,-122.755,Angus Murphy,CS76733,germany,
7036,Bu-0,GER,50.5,9.5,Albert Kranz,CS78889,germany,
7058,Bur-0,IRL,53.87,-9.0755556,Albert Kranz,CS76734,admixed,
7061,Cal-0,UK,53.2699,-1.64293,Albert Kranz,CS76460,admixed,
7062,Ca-0,GER,50.2981,8.26607,Albert Kranz,CS76459,germany,
7063,Can-0,ESP,29.2144,-13.4811,Albert Kranz,CS76740,relict,Y
7064,Cnt-1,UK,51.3,1.1,Eric Holub,CS76467,western_europe,
7067,Ct-1,ITA,37.51,15.09,Albert Kranz,CS76786,central_europe,
7068,Cerv-1,ITA,42,12.1,Maarten Koornneef,CS76462,italy_balkan_caucasus,
7071,Chat-1,FRA,48.0717,1.33867,Maarten Koornneef,CS76463,western_europe,
7072,Chi-0,RUS,53.7502,34.7361,Albert Kranz,CS76464,admixed,
7077,Co-1,POR,40.12,-8.25,Albert Kranz,CS76468,italy_balkan_caucasus,
7081,Co,POR,40.2077,-8.42639,George Redei,CS78895,spain,
7092,Com-1,FRA,49.416,2.823,Maarten Koornneef,CS76469,western_europe,
7094,Da-0,GER,49.8724,8.65081,Albert Kranz,CS76791,germany,
7096,Di-G,FRA,47.3239,5.04278,Maarten Koornneef,CS76472,admixed,
7102,Do-0,GER,50.7224,8.2372,Albert Kranz,CS76474,germany,
7103,Dra-0,CZE,49.4167,16.2667,Albert Kranz,CS76476,central_europe,
7106,Dr-0,GER,51.051,13.7336,Albert Kranz,CS78897,central_europe,
7107,Durh-1,UK,54.7761,-1.5733,Maarten Koornneef,CS76477,western_europe,
7109,Ema-1,UK,51.3,0.5,Eric Holub,CS76480,western_europe,
7111,Edi-0,UK,55.9494,-3.16028,Albert Kranz,CS76831,admixed,
7117,El-0,GER,51.5105,9.68253,Albert Kranz,CS76479,germany,
7119,En-2,GER,50,8.5,Albert Kranz,CS76481,germany,
7120,En-D,GER,50,8.5,Albert Kranz,CS76482,central_europe,
7125,Er-0,GER,49.5955,11.0087,Albert Kranz,CS78898,germany,
7126,Es-0,FIN,60.1997,24.5682,Albert Kranz,CS76484,admixed,
7127,Est,EST,58.6656,24.9871,Brigitte Damm,CS76485,admixed,
7130,Et-0,FRA,44.6447,2.56481,Albert Kranz,CS76486,western_europe,
7133,Fr-2,GER,50.1102,8.6822,Albert Kranz,CS76489,germany,
7138,Fi-0,GER,50.5,8.0167,Albert Kranz,CS76488,admixed,
7143,Gel-1,NED,51.0167,5.86667,Maarten Koornneef,CS76492,germany,
7147,Gie-0,GER,50.584,8.67825,Albert Kranz,CS76493,admixed,
7158,Gr-5,AUT,47,15.5,Albert Kranz,CS76885,central_europe,
7160,Gre-0,USA,43.178,-85.2532,Albert Kranz,CS76497,germany,
7161,Gd-1,GER,53.5,10.5,Albert Kranz,CS76491,germany,
7162,Hs-0,GER,52.24,9.44,Albert Kranz,CS76515,germany,
7163,Ha-0,GER,52.3721,9.73569,Albert Kranz,CS76500,admixed,
7164,Hau-0,DEN,55.675,12.5686,Albert Kranz,CS76915,south_sweden,
7165,Hn-0,GER,51.3472,8.28844,Albert Kranz,CS76513,germany,
7169,Hh-0,GER,54.4175,9.88682,Albert Kranz,CS76512,admixed,
7177,Jm-0,CZE,49,15,Albert Kranz,CS76520,central_europe,
7181,Je-0,GER,50.927,11.587,Albert Kranz,CS76518,admixed,
7183,Kas-1,IND,35,77,Shauna Somerville,CS79018,asia,
7186,Kn-0,LTU,54.8969,23.8924,Albert Kranz,CS76969,central_europe,
7192,Kil-0,UK,55.6395,-5.66364,Albert Kranz,CS76526,germany,
7199,Kl-5,GER,50.95,6.9666,Albert Kranz,CS76528,germany,
7202,Kb-0,GER,50.1797,8.50861,Albert Kranz,CS76524,germany,
7203,Krot-0,GER,49.631,11.5722,Thomas Mitchell-Olds,CS76534,central_europe,
7207,Kyoto,JPN,35.0085,135.752,Hirokazu Tsukaya,CS76535,central_europe,
7208,Lan-0,UK,55.6739,-3.78181,Albert Kranz,CS76539,germany,
7209,La-0,POL,52.7333,15.2333,Albert Kranz,CS76538,admixed,
7213,Ler-0,POL,52.7325,15.2369,Maarten Koornneef,CS77020,admixed,
7217,Lm-2,FRA,48,0.5,Albert Kranz,CS76545,western_europe,
7218,Le-0,NED,52.1611,4.49015,Albert Kranz,CS76540,admixed,
7223,Li-2:1,GER,50.3833,8.0666,Albert Kranz,CS76541,central_europe,
7231,Li-7,GER,50.3833,8.0666,Albert Kranz,CS77035,germany,
7236,Litva,LTU,,,Igor Vizir,CS76543,central_europe,
7244,Mnz-0,GER,50.001,8.26664,Albert Kranz,CS76552,germany,
7248,Mv-0,USA,41.3923,-70.6652,Albert Kranz,CS76556,germany,
7250,Me-0,GER,51.9183,10.1138,Albert Kranz,CS76549,germany,
7255,Mh-0,POL,50.95,20.5,Albert Kranz,CS76550,germany,
7258,Nw-0,GER,50.5,8.5,Albert Kranz,CS76564,germany,
7268,Np-0,GER,52.6969,10.981,Albert Kranz,CS76563,admixed,
7273,,,,,,,,
7276,Ob-0,GER,50.2,8.5833,Albert Kranz,CS76566,germany,
7280,Old-1,GER,53.1667,8.2,Albert Kranz,CS76567,germany,
7282,Or-0,GER,50.3827,8.01161,Albert Kranz,CS76568,germany,
7287,Ove-0,GER,53.3422,8.42255,Albert Kranz,CS76569,germany,
7288,Oy-0,NOR,60.385543,6.193019,Albert Kranz,CS77156,admixed,
7296,Petergof,RUS,59,29,Igor Vizir,CS77170,central_europe,
7298,Pi-0,AUT,47.04,10.51,Albert Kranz,CS76572,central_europe,
7305,Pt-0,GER,53.476,10.6065,Albert Kranz,CS78915,admixed,
7306,Pog-0,CAN,49.2655,-123.206,Albert Kranz,CS76576,western_europe,
7307,Pn-0,FRA,48.0653,-2.96591,Albert Kranz,CS77182,western_europe,
7314,Ragl-1,UK,54.3512,-3.41697,Maarten Koornneef,CS76583,admixed,
7316,Rhen-1,NED,51.9667,5.56667,Maarten Koornneef,CS78916,admixed,
7319,Rome-1,ITA,42,12.1,Maarten Koornneef,CS76590,admixed,
7320,Rou-0,FRA,49.4424,1.09849,Albert Kranz,CS76591,western_europe,
7322,Rsch-4,RUS,56.3,34,Albert Kranz,CS77222,germany,
7323,Rubezhnoe-1,UKR,49,38.28,Igor Vizir,CS76594,asia,
7327,Sf-1,ESP,41.7833,3.03333,F. Laibach,CS77246,spain,
7328,Sf-2,ESP,41.7833,3.03333,Albert Kranz,CS77247,spain,
7332,Seattle-0,USA,47,-122.2,Rick Amasino,CS76598,western_europe,
7333,Sei-0,ITA,46.5438,11.5614,Albert Kranz,CS76599,central_europe,
7337,Si-0,GER,50.8738,8.02341,Albert Kranz,CS76601,germany,
7342,Su-0,UK,53.6473,-3.00733,Albert Kranz,CS76606,admixed,
7343,Sp-0,GER,52.5339,13.181,Albert Kranz,CS76603,south_sweden,
7344,Sg-1,GER,47.6667,9.5,Albert Kranz,CS76600,admixed,
7346,Sten-0,GER,52.6058,11.8558,Albert Kranz,CS77277,south_sweden,
7347,Stw-0,RUS,52,36,Albert Kranz,CS76605,central_europe,
7349,Ta-0,CZE,49.5,14.5,Albert Kranz,CS76608,central_europe,
7350,Tac-0,USA,47.2413,-122.459,Thomas Mitchell-Olds,CS76609,central_europe,
7353,Tha-1,NED,52.08,4.3,Maarten Koornneef,CS76611,admixed,
7354,Ting-1,SWE,56.5,14.9,Maarten Koornneef,CS76612,south_sweden,
7356,Tol-0,USA,41.6639,-83.5553,Scott Leisner,CS76614,germany,
7358,Tol-2,USA,41.6639,-83.5553,Scott Leisner,CS79019,germany,
7359,Tol-3,USA,41.6639,-83.5553,Scott Leisner,CS79020,germany,
7372,Tscha-1,AUT,47.0748,9.9042,Maarten Koornneef,CS76616,central_europe,
7373,Tsu-0,JPN,34.43,136.31,Albert Kranz,CS77389,admixed,
7377,Tul-0,USA,43.2708,-85.2563,Albert Kranz,CS76618,germany,
7378,Uk-1,GER,48.0333,7.7667,Albert Kranz,CS76620,admixed,
7382,Utrecht,NED,52.0918,5.1145,Viola Willemsen,CS76622,admixed,
7383,Van-0,CAN,49.2655,-123.206,Albert Kranz,CS76623,western_europe,
7384,Ven-1,NED,52.0333,5.55,Maarten Koornneef,CS76624,admixed,
7387,Vind-1,UK,54.9902,-2.3671,Maarten Koornneef,CS76625,western_europe,
7394,Wa-1,POL,52.3,21,Albert Kranz,CS76626,admixed,
7396,Ws-0.2,RUS,52.3,30,Albert Kranz,CS78857,central_europe,
7404,Wc-1,GER,52.6,10.0667,Albert Kranz,CS76627,admixed,
7411,Wl-0,GER,47.9299,10.8134,Albert Kranz,CS76630,central_europe,
7413,Wil-2,LTU,54.6833,25.3167,Albert Kranz,CS78856,central_europe,
7415,Wu-0,GER,49.7878,9.9361,Albert Kranz,CS78858,germany,
7416,Yo-0,USA,37.45,-119.35,Albert Kranz,CS76633,germany,
7417,Zu-0,SUI,47.3667,8.55,Albert Kranz,CS78880,western_europe,
7418,Zu-1,SUI,47.3667,8.55,Albert Kranz,CS78881,admixed,
7419,Db-1,GER,50.3058,8.32213,Albert Kranz,CS76471,germany,
7424,Jl-3,CZE,49.2,16.6166,Albert Kranz,CS76519,central_europe,
7427,Ko-2,DEN,,,Albert Kranz,CS76531,central_europe,
7430,Nc-1,FRA,48.6167,6.25,Albert Kranz,CS76559,admixed,
7460,Da(1)-12,CZE,,,Igor Vizir,CS76470,central_europe,
7461,H55,CZE,49,15,Igor Vizir,CS76897,germany,
7471,RLD-1,UNK,,,Maarten Koornneef,CS76588,admixed,
7475,KEN,USA,41.767,-72.677,Massimo Pigliucci,CS79021,germany,
7477,WAR,USA,41.7302,-71.2825,Massimo Pigliucci,CS78853,admixed,
7514,RRS-7,USA,41.5609,-86.4251,Joy Bergelson,CS76593,admixed,
7515,RRS-10,USA,41.5609,-86.4251,Joy Bergelson,CS76592,germany,
7516,Vår2-1,SWE,55.58,14.334,Magnus Nordborg,CS78830,germany,
7517,Vår2-6,SWE,55.58,14.334,Magnus Nordborg,CS78831,germany,
7520,Lp2-2,CZE,49.38,16.81,Ivo Cetl,CS76546,central_europe,
7521,Lp2-6,CZE,49.38,16.81,Ivo Cetl,CS77052,central_europe,
7523,Pna-17,USA,42.0945,-86.3253,Joy Bergelson,CS76575,germany,
7525,Rmx-A180,USA,42.036,-86.511,Joy Bergelson,CS77218,germany,
7529,627RMX-1MN4,USA,42.0333,-86.5128,Justin Borevitz,CS79022,germany,
7530,627RMX-1MN5,USA,42.0333,-86.5128,Justin Borevitz,CS79023,germany,
7566,627ME-13Y1,USA,42.093,-86.359,Justin Borevitz,CS78367,germany,
7568,627ME-1MI1,USA,42.093,-86.359,Justin Borevitz,CS79024,germany,
7717,KNO1.37,USA,41.273,-86.625,Megan Dunning,CS76972,germany,
7757,KNO2.41,USA,41.273,-86.625,Megan Dunning,CS79025,germany,
7767,KNO2.54,USA,41.273,-86.625,Megan Dunning,CS79026,germany,
7917,PNA3.10,USA,42.0945,-86.3253,Megan Dunning,CS77183,germany,
7947,PNA3.40,USA,42.0945,-86.3253,Megan Dunning,CS77184,germany,
8037,PT1.52,USA,41.3423,-86.7368,Megan Dunning,CS79027,germany,
8057,PT1.85,USA,41.3423,-86.7368,Megan Dunning,CS79028,germany,
8077,PT2.21,USA,41.3423,-86.7368,Megan Dunning,CS77191,germany,
8132,RMX3.22,USA,42.036,-86.511,Megan Dunning,CS77219,germany,
8171,RMX4.118,USA,42.036,-86.511,Megan Dunning,CS79029,germany,
8214,Gy-0,FRA,49,2,Albert Kranz,CS78901,western_europe,
8222,Lis-2,SWE,56.0089259,14.7427433,Magnus Nordborg,CS77043,south_sweden,
8227,THÖ 03,SWE,62.7920572,17.898516,Mattias Jakobsson,CS77367,north_sweden,
8230,Algutsrum,SWE,56.68,16.5,Magnus Nordborg,CS76657,south_sweden,
8231,Brö1-6,SWE,56.3065535,15.9960089,Magnus Nordborg,CS76726,south_sweden,
8233,Dem-4,USA,41.1876,-87.1923,Joy Bergelson,CS76794,germany,
8234,Gul1-2,SWE,56.3201865,15.9753237,Magnus Nordborg,CS76896,south_sweden,
8235,Hod,CZE,48.8,17.1,Jirina Relichov,CS76924,central_europe,
8236,HSm,CZE,49.33,15.76,Jirina Relichov,CS76941,central_europe,
8237,Kävlinge-1,SWE,55.8,13.1,Torbjorn Sall,CS76964,south_sweden,
8238,Kent,UK,51.15,0.4,Magnus Nordborg,CS76967,germany,
8239,PHW-3,GER,51,7,Paul Williams,CS76976,germany,
8240,Kulturen-1,SWE,55.705,13.196,Torbjorn Sall,CS76987,south_sweden,
8241,Liarum,SWE,55.95,13.85,Torbjorn Sall,CS77038,south_sweden,
8242,Lillö-1,SWE,56.1510312,15.7832574,Magnus Nordborg,CS77039,south_sweden,
8243,PHW-2,ITA,43.7703,11.2547,Paul Williams,CS77173,western_europe,
8244,PHW-34,FRA,48.6103,2.3086,Paul Williams,CS77174,western_europe,
8246,NC-6,USA,35,-79.18,Joy Bergelson,CS77124,germany,
8247,San-2,SWE,56.0692873,13.7407939,Magnus Nordborg,CS77233,south_sweden,
8249,Vimmerby,SWE,57.7,15.8,Magnus Nordborg,CS78845,south_sweden,
8256,Bå1-2,SWE,56.4487477,12.9040338,Magnus Nordborg,CS76676,admixed,
8258,Bå4-1,SWE,56.4487477,12.9040338,Magnus Nordborg,CS76677,south_sweden,
8259,Bå5-1,SWE,56.4487477,12.9040338,Magnus Nordborg,CS76678,south_sweden,
8264,Bla-1,ESP,41.6833,2.8,Albert Kranz,CS76451,spain,
8283,Dra3-1,SWE,55.7599276,14.1262764,Magnus Nordborg,CS76811,south_sweden,
8284,DraII-1,CZE,49.4112,16.2815,Jirina Relichov,CS76813,central_europe,
8285,DraIII-1,CZE,49.4112,16.2815,Jirina Relichov,CS76815,central_europe,
8290,En-1,GER,50,8.5,Albert Kranz,CS76841,central_europe,
8297,Ge-0,SUI,46.21,6.14,Albert Kranz,CS76875,western_europe,
8306,Hov4-1,SWE,56.1035094,13.7134622,Magnus Nordborg,CS76936,south_sweden,
8307,Hovdala-6,SWE,56.1132251,13.7296953,Torbjorn Sall,CS76938,south_sweden,
8311,In-0,AUT,47.5,11.5,Albert Kranz,CS78903,central_europe,
8312,Is-0,GER,50.5,7.5,Albert Kranz,CS78904,germany,
8326,Lis-1,SWE,56.0089259,14.7427433,Magnus Nordborg,CS77042,south_sweden,
8334,Lu-1,SWE,55.72,13.19,Albert Kranz,CS77056,admixed,
8335,Lund,SWE,55.71,13.2,Magnus Nordborg,CS77060,south_sweden,
8337,Mir-0,ITA,44,12.37,Albert Kranz,CS76551,western_europe,
8343,Na-1,FRA,47.5,1.5,Albert Kranz,CS76558,admixed,
8351,Ost-0,SWE,60.25,18.37,Albert Kranz,CS77154,north_sweden,
8354,Per-1,RUS,58,56.3167,Albert Kranz,CS76571,asia,
8357,Pla-0,ESP,41.5,2.25,Albert Kranz,CS76573,spain,
8365,Rak-2,CZE,49,16,Albert Kranz,CS77201,central_europe,
8366,Rd-0,GER,50.5,8.5,Albert Kranz,CS76584,admixed,
8369,Rev-1,SWE,55.7170459,13.4354695,Magnus Nordborg,CS77214,south_sweden,
8376,Sanna-2,SWE,62.6897799,17.997819,Magnus Nordborg,CS77234,north_sweden,
8386,Sr:5,SWE,58.9,11.2,Ivo Cetl,CS77268,central_europe,
8387,St-0,SWE,59.34,18.06,Albert Kranz,CS77270,germany,
8419,Wil-1,LTU,54.6833,25.3167,Albert Kranz,CS78855,central_europe,
8420,Kelsterbach-4,GER,50.0667,8.5333,Paul Williams,CS76525,germany,
8422,Fjä1-1,SWE,56.0617671,14.2786489,Magnus Nordborg,CS76859,south_sweden,
8424,Kas-2,IND,35,77,Shauna Somerville,CS78905,asia,
8426,Ull1-1,SWE,56.0681098,13.9589922,Magnus Nordborg,CS78816,south_sweden,
8427,Ull2-13,SWE,56.0648,13.9707,Magnus Nordborg,CS78552,south_sweden,
8464,LP3413.31,USA,41.6862,-86.8513,Justin Borevitz,CS79030,germany,
8483,LP3413.53,USA,41.6862,-86.8513,Justin Borevitz,CS79031,germany,
8699,328PNA062,USA,42.0945,-86.3253,Justin Borevitz,CS79032,germany,
8723,11PNA1.14,USA,42.0945,-86.3253,Justin Borevitz,CS79033,germany,
9027,RMX413.85,USA,42.036,-86.511,Justin Borevitz,CS79034,germany,
9057,Vinslöv,SWE,56.1,13.9167,Torbjorn Sall,CS78847,south_sweden,
9058,Västervik,SWE,57.75,16.6333,Magnus Nordborg,CS78834,admixed,
9067,Xan-3,AZE,38.6536,48.7992,James Beck,CS78860,italy_balkan_caucasus,
9069,Xan-5,AZE,38.6536,48.7992,James Beck,CS78861,italy_balkan_caucasus,
9070,Xan-6,AZE,38.6536,48.7992,James Beck,CS78862,italy_balkan_caucasus,
9075,Lerik1-4,AZE,38.7406,48.6131,James Beck,CS77023,italy_balkan_caucasus,
9078,Lerik1-7,AZE,38.7406,48.6131,James Beck,CS77024,italy_balkan_caucasus,
9079,Lerik2-1,AZE,38.7833,48.5517,James Beck,CS77025,italy_balkan_caucasus,
9081,Lerik2-3,AZE,38.7833,48.5517,James Beck,CS77026,italy_balkan_caucasus,
9084,Lerik2-6,AZE,38.7833,48.5517,James Beck,CS77028,italy_balkan_caucasus,
9085,Lerik2-7,AZE,38.7833,48.5517,James Beck,CS77029,italy_balkan_caucasus,
9089,Nar-3,AZE,38.9522,48.925,James Beck,CS77119,italy_balkan_caucasus,
9091,Nar-5,AZE,38.9522,48.925,James Beck,CS77121,italy_balkan_caucasus,
9095,Istisu-5,AZE,38.9786,48.5594,James Beck,CS76950,italy_balkan_caucasus,
9099,Istisu-9,AZE,38.9786,48.5594,James Beck,CS76953,italy_balkan_caucasus,
9100,Lag1-2,GEO,41.8296,46.2831,James Beck,CS76998,italy_balkan_caucasus,
9102,Lag1-4,GEO,41.8296,46.2831,James Beck,CS76999,italy_balkan_caucasus,
9103,Lag1-5,GEO,41.8296,46.2831,James Beck,CS77000,italy_balkan_caucasus,
9104,Lag1-6,GEO,41.8296,46.2831,James Beck,CS77001,italy_balkan_caucasus,
9105,Lag1-7,GEO,41.8296,46.2831,James Beck,CS77002,italy_balkan_caucasus,
9106,Lag1-8,GEO,41.8296,46.2831,James Beck,CS77003,italy_balkan_caucasus,
9111,Lag2-4,GEO,41.8296,46.2831,James Beck,CS77005,italy_balkan_caucasus,
9113,Lag2-6,GEO,41.8296,46.2831,James Beck,CS77006,italy_balkan_caucasus,
9114,Lag2-7,GEO,41.8296,46.2831,James Beck,CS77007,italy_balkan_caucasus,
9115,Lag2-10,GEO,41.8296,46.2831,James Beck,CS77004,italy_balkan_caucasus,
9121,Bak-5,GEO,41.7942,43.4767,James Beck,CS76685,italy_balkan_caucasus,
9125,Geg-14,ARM,40.1408,44.8203,James Beck,CS76876,asia,
9128,Yeg-2,ARM,39.8692,45.3622,James Beck,CS78864,asia,
9130,Yeg-4,ARM,39.8692,45.3622,James Beck,CS78865,asia,
9131,Yeg-5,ARM,39.8692,45.3622,James Beck,CS78866,asia,
9133,Yeg-7,ARM,39.8692,45.3622,James Beck,CS78867,asia,
9134,Yeg-8,ARM,39.8692,45.3622,James Beck,CS78868,asia,
9298,Edi-1,UK,55.9681,-3.21833,James Beck,CS76832,western_europe,
9312,Ullapool-8,UK,57.9,-5.1525,James Beck,CS78821,western_europe,
9314,Gol-2,UK,57.9672,-3.96722,James Beck,CS76883,western_europe,
9321,Ådal 1,SWE,62.8622,18.336,Alison Anastasio,CS76643,north_sweden,
9323,Ådal 3,SWE,62.8622,18.336,Alison Anastasio,CS76644,north_sweden,
9332,Bar 1,SWE,62.8698,18.381,Alison Anastasio,CS76688,north_sweden,
9336,Bön 1,SWE,62.8794,18.4473,Alison Anastasio,CS76715,admixed,
9339,Böt 1,SWE,57.7133,15.0689,Alison Anastasio,CS76720,south_sweden,
9343,Dju-1,SWE,57.3089,18.1512,Alison Anastasio,CS78896,admixed,
9352,Död 2,SWE,57.2608,16.3675,Alison Anastasio,CS76797,south_sweden,
9353,Död 3,SWE,57.2608,16.3675,Alison Anastasio,CS76798,south_sweden,
9363,EdJ 2,SWE,62.9147,18.4045,Alison Anastasio,CS76833,north_sweden,
9369,EkS 2,SWE,57.6781,14.9986,Alison Anastasio,CS76837,south_sweden,
9370,EkS 3,SWE,57.6781,14.9986,Alison Anastasio,CS79035,south_sweden,
9371,FäL 1,SWE,63.016,18.3175,Alison Anastasio,CS76852,north_sweden,
9380,FlyA 3,SWE,55.7488,13.3742,Alison Anastasio,CS76865,south_sweden,
9381,Fri 1,SWE,55.8106,14.2091,Alison Anastasio,CS76868,admixed,
9382,Fri 2,SWE,55.8106,14.2091,Alison Anastasio,CS76869,admixed,
9383,Fri 3,SWE,55.8106,14.2091,Alison Anastasio,CS76870,admixed,
9386,Grön 12,SWE,62.806,18.1896,Alison Anastasio,CS76891,north_sweden,
9388,Grön 14,SWE,62.806,18.1896,Alison Anastasio,CS76892,north_sweden,
9390,Hadd-1,SWE,57.3263,15.8979,Alison Anastasio,CS78659,south_sweden,
9391,Hadd-2,SWE,57.3263,15.8979,Alison Anastasio,CS76905,south_sweden,
9392,Hadd-3,SWE,57.3263,15.8979,Alison Anastasio,CS76906,south_sweden,
9394,Hag-2,SWE,56.5804,16.4063,Alison Anastasio,CS76907,admixed,
9395,Hal-1,SWE,57.5089,15.0105,Alison Anastasio,CS76908,south_sweden,
9399,Hamm-1,SWE,55.4234,13.9905,Alison Anastasio,CS76910,south_sweden,
9402,Hel-3,SWE,57.8765,14.8549,Alison Anastasio,CS76918,south_sweden,
9404,HolA-1 1,SWE,55.7491,13.399,Alison Anastasio,CS76926,south_sweden,
9405,HolA-1 2,SWE,55.7491,13.399,Alison Anastasio,CS76927,south_sweden,
9407,HolA-2 2,SWE,55.7491,13.399,Alison Anastasio,CS76928,south_sweden,
9408,Kal 1,SWE,56.047,13.9519,Alison Anastasio,CS76959,south_sweden,
9409,Kia 1,SWE,56.0573,14.302,Alison Anastasio,CS76968,south_sweden,
9412,Kor 3,SWE,57.2746,16.1494,Alison Anastasio,CS76981,south_sweden,
9413,Kor 4,SWE,57.2746,16.1494,Alison Anastasio,CS76982,south_sweden,
9416,Kru-3,SWE,57.7215,18.3837,Alison Anastasio,CS76986,south_sweden,
9421,Lan 1,SWE,55.9745,14.3997,Alison Anastasio,CS77009,south_sweden,
9427,Näs 2,SWE,62.8815,18.4055,Alison Anastasio,CS77122,north_sweden,
9433,Nyl 13,SWE,62.9513,18.2763,Alison Anastasio,CS77135,north_sweden,
9436,Puk-1,SWE,56.1633,14.6806,Alison Anastasio,CS77194,south_sweden,
9437,Puk-2,SWE,56.1633,14.6806,Alison Anastasio,CS77195,south_sweden,
9442,Sim-1,SWE,55.5678,14.3398,Alison Anastasio,CS77250,germany,
9450,Spro 1,SWE,57.2545,18.2109,Alison Anastasio,CS77263,south_sweden,
9451,Spro 2,SWE,57.2545,18.2109,Alison Anastasio,CS77264,south_sweden,
9452,Spro 3,SWE,57.2545,18.2109,Alison Anastasio,CS77265,south_sweden,
9453,Stenk-2,SWE,57.8009,18.5162,Alison Anastasio,CS77274,south_sweden,
9454,Stenk-3,SWE,57.8009,18.5162,Alison Anastasio,CS77275,south_sweden,
9455,Stenk-4,SWE,57.8009,18.5162,Alison Anastasio,CS77276,south_sweden,
9470,Tur-4,SWE,57.6511,14.8043,Alison Anastasio,CS77399,south_sweden,
9471,Ull-A-1,SWE,56.0648,13.9707,Alison Anastasio,CS78820,south_sweden,
9476,VårA 1,SWE,55.5796,14.3336,Alison Anastasio,CS78832,germany,
9481,Yst-1,SWE,55.4242,13.8484,Alison Anastasio,CS78869,south_sweden,
9503,11C1,UK,55.8877,-3.21072,Andrew Hudson,CS76640,western_europe,
9506,IP-Alo-0,POR,40.10969,-7.476146,Carlos Alonso-Blanco,CS76662,admixed,
9507,IP-Coa-0,POR,38.45,-7.5,Carlos Alonso-Blanco,CS76775,spain,
9508,IP-Mos-1,POR,40.04,-7.11,Carlos Alonso-Blanco,CS77108,admixed,
9509,IP-Reg-0,POR,39.29,-7.4,Carlos Alonso-Blanco,CS77207,spain,
9510,IP-Rei-0,POR,38.75,-7.59,Carlos Alonso-Blanco,CS77208,spain,
9511,IP-Vav-0,POR,38.53,-8.02,Carlos Alonso-Blanco,CS78835,spain,
9512,IP-Vid-1,POR,38.22,-7.84,Carlos Alonso-Blanco,CS78842,spain,
9513,IP-Adc-5,ESP,38.77,-4.07,Carlos Alonso-Blanco,CS76646,admixed,
9514,IP-Adm-0,ESP,39.15,-4.54,Carlos Alonso-Blanco,CS76647,spain,
9515,IP-Ala-0,ESP,39.72,-6.89,Carlos Alonso-Blanco,CS76650,spain,
9517,IP-All-0,ESP,42.19,-7.8,Carlos Alonso-Blanco,CS76659,western_europe,
9518,IP-Alm-0,ESP,39.88,-0.36,Carlos Alonso-Blanco,CS76660,spain,Y
9519,IP-Ang-0,ESP,41.94,2.64,Xavier Picó,CS78886,spain,
9520,IP-Ara-4,ESP,41.7,-3.68,Carlos Alonso-Blanco,CS76670,spain,
9521,IP-Bar-1,ESP,41.43,2.13,Xavier Picó,CS76689,spain,
9522,IP-Bea-0,ESP,36.52,-5.27,Carlos Alonso-Blanco,CS76695,spain,
9523,IP-Ben-0,ESP,38.37,-2.66,Carlos Alonso-Blanco,CS76700,admixed,
9524,IP-Ber-0,ESP,42.52,-0.56,Carlos Alonso-Blanco,CS78887,spain,
9525,IP-Bis-0,ESP,42.49,0.54,Xavier Picó,CS76711,spain,
9526,IP-Cab-3,ESP,41.54,2.39,Xavier Picó,CS76738,spain,
9527,IP-Cad-0,ESP,40.37,-5.74,Carlos Alonso-Blanco,CS76739,admixed,
9528,IP-Cal-0,ESP,40.94,-1.37,Carlos Alonso-Blanco,CS78890,spain,
9529,IP-Cap-1,ESP,36.97,-3.36,Carlos Alonso-Blanco,CS76741,admixed,
9530,IP-Car-1,ESP,38.25,-4.32,Carlos Alonso-Blanco,CS76742,admixed,
9531,IP-Cdc-3,ESP,41.21,-4.54,Carlos Alonso-Blanco,CS76761,spain,
9532,IP-Cdo-0,ESP,42.23,-4.64,Carlos Alonso-Blanco,CS76762,spain,
9533,IP-Cem-0,ESP,41.15,-4.32,Carlos Alonso-Blanco,CS76763,relict,Y
9534,IP-Cmo-3,ESP,40.05,-4.65,Carlos Alonso-Blanco,CS76774,spain,
9535,IP-Coc-1,ESP,42.31,3.19,Xavier Picó,CS76776,spain,
9536,IP-Cor-0,ESP,40.83,-2,Carlos Alonso-Blanco,CS76782,admixed,Y
9537,IP-Cum-1,ESP,38.07,-6.66,Carlos Alonso-Blanco,CS76787,spain,
9539,IP-Deh-1,ESP,40.29,-6.67,Carlos Alonso-Blanco,CS76793,spain,
9540,IP-Elb-0,ESP,41.81,2.34,Xavier Picó,CS76838,spain,
9541,IP-Fue-2,ESP,38.26,-5.42,Carlos Alonso-Blanco,CS76871,spain,
9542,IP-Fun-0,ESP,40.79,-4.05,Carlos Alonso-Blanco,CS76872,relict,Y
9543,IP-Gra-0,ESP,36.77,-5.39,Xavier Picó,CS76886,relict,Y
9544,IP-Gua-1,ESP,39.4,-5.33,Carlos Alonso-Blanco,CS76894,spain,
9545,IP-Her-12,ESP,39.3948,-5.782793,Carlos Alonso-Blanco,CS76920,relict,Y
9546,IP-Hom-4,ESP,40.8168,-1.68601,Carlos Alonso-Blanco,CS76929,spain,
9547,IP-Hor-0,ESP,41.67,2.62,Xavier Picó,CS76930,spain,
9548,IP-Hoy-0,ESP,40.4,-5,Carlos Alonso-Blanco,CS76939,admixed,
9549,IP-Hum-2,ESP,42.22718,-3.688887,Carlos Alonso-Blanco,CS76943,relict,Y
9550,IP-Iso-4,ESP,43.05,-5.37,Carlos Alonso-Blanco,CS76946,relict,Y
9551,IP-Jim-1,ESP,42.28,-5.92,Carlos Alonso-Blanco,CS76955,admixed,
9552,IP-Lab-7,ESP,40.87,-4.5,Carlos Alonso-Blanco,CS76995,admixed,
9553,IP-Ldd-0,ESP,41.57614,-4.70746,Carlos Alonso-Blanco,CS77012,spain,
9554,IP-Lso-0,ESP,38.86,-3.16,Carlos Alonso-Blanco,CS77055,relict,Y
9555,IP-Mar-1,ESP,39.58133,-3.931648,Carlos Alonso-Blanco,CS77068,relict,Y
9556,IP-Men-2,ESP,39.66,-4.34,Xavier Picó,CS77081,spain,
9557,IP-Moa-0,ESP,42.46,0.7,Carlos Alonso-Blanco,CS77102,spain,
9558,IP-Moc-11,ESP,41.57,-5.64,Carlos Alonso-Blanco,CS77103,admixed,
9559,IP-Mon-5,ESP,38.06,-4.38,Carlos Alonso-Blanco,CS77107,admixed,
9560,IP-Mot-0,ESP,38.19,-6.24,Carlos Alonso-Blanco,CS77109,spain,
9561,IP-Mun-0,ESP,40.71,-5.04,Carlos Alonso-Blanco,CS77114,admixed,
9562,IP-Mur-0,ESP,41.67,2,Xavier Picó,CS77115,spain,
9564,IP-Nog-17,ESP,40.45,-1.6,Xavier Picó,CS77129,spain,
9565,IP-Orb-10,ESP,42.97,-1.23,Carlos Alonso-Blanco,CS77152,admixed,
9567,IP-Pal-0,ESP,42.34,1.3,Xavier Picó,CS77159,spain,
9568,IP-Pan-0,ESP,42.76,-0.23,Carlos Alonso-Blanco,CS77160,spain,
9569,IP-Pds-1,ESP,42.87,-6.45,Carlos Alonso-Blanco,CS77166,western_europe,
9571,IP-Pro-0,ESP,43.28,-6.01,Carlos Alonso-Blanco,CS78914,western_europe,
9573,IP-Rds-0,ESP,41.86,2.99,Xavier Picó,CS77206,spain,
9574,IP-Rel-0,ESP,38.6,-2.7,Carlos Alonso-Blanco,CS77209,relict,
9576,IP-Rev-0,ESP,40.86,-4.11,Carlos Alonso-Blanco,CS77213,admixed,
9577,IP-Ria-0,ESP,42.34,2.17,Xavier Picó,CS77216,spain,
9578,IP-Sac-0,ESP,42.13,-6.7,Carlos Alonso-Blanco,CS77229,western_europe,
9579,IP-San-10,ESP,38.33,-3.51,Carlos Alonso-Blanco,CS77232,admixed,
9581,IP-Sdv-3,ESP,42.84,-5.12,Carlos Alonso-Blanco,CS77242,admixed,
9582,IP-Ses-0,ESP,41.48,-1.63,Carlos Alonso-Blanco,CS77244,spain,
9583,IP-Sne-0,ESP,37.09,-3.38,Carlos Alonso-Blanco,CS77258,relict,Y
9584,IP-Stp-0,ESP,41.19,-3.58,Carlos Alonso-Blanco,CS77283,spain,
9585,IP-Svi-0,ESP,43.4,-7.39,Carlos Alonso-Blanco,CS77287,western_europe,
9586,IP-Tam-0,ESP,41.03,-3.27,Carlos Alonso-Blanco,CS77340,spain,
9587,IP-Tdc-0,ESP,41.5,-1.88,Carlos Alonso-Blanco,CS77344,spain,
9588,IP-Tol-7,ESP,42.11,0.6,Xavier Picó,CS77371,spain,
9589,IP-Tor-1,ESP,41.6,-2.83,Carlos Alonso-Blanco,CS77378,spain,
9590,IP-Trs-0,ESP,43.37,-5.49,Carlos Alonso-Blanco,CS77387,western_europe,
9591,IP-Vad-0,ESP,42.86,-3.59,Carlos Alonso-Blanco,CS78826,admixed,
9592,IP-Vae-2,ESP,42.1,-5.44,Carlos Alonso-Blanco,CS78827,admixed,
9593,IP-Vaz-0,ESP,42.26,-2.99,Carlos Alonso-Blanco,CS78836,spain,
9594,IP-Vdm-0,ESP,42.04,1.01,Carlos Alonso-Blanco,CS78837,spain,
9595,IP-Vdt-0,ESP,40.89,-5.5,Carlos Alonso-Blanco,CS78838,admixed,
9596,IP-Ver-5,ESP,41.95,-7.45,Carlos Alonso-Blanco,CS78841,admixed,
9597,IP-Vig-1,ESP,42.31,-2.53,Carlos Alonso-Blanco,CS78843,spain,
9598,IP-Vim-0,ESP,41.88,-6.51,Carlos Alonso-Blanco,CS78844,relict,Y
9599,IP-Vin-0,ESP,42.8,-5.77,Carlos Alonso-Blanco,CS78846,western_europe,
9600,IP-Vis-0,ESP,39.85,-6.04,Carlos Alonso-Blanco,CS78848,relict,Y
9601,IP-Voz-0,ESP,41.85,-1.88,Carlos Alonso-Blanco,CS78849,spain,
9602,IP-Vpa-1,ESP,40.5,-3.96,Carlos Alonso-Blanco,CS78850,spain,
9606,Aitba-1,MAR,31.48,-7.45,0,CS76649,relict,
9607,Panik-1,RUS,53.05,52.15,0,CS77161,asia,
9608,Karag-2,RUS,51.37,59.44,0,CS76961,asia,
9609,Adam-1,RUS,51.41,59.98,0,CS76645,asia,
9610,Lesno-4,RUS,53.04,51.96,0,CS77034,asia,
9611,Lesno-1,RUS,53.04,51.9,0,CS77032,asia,
9612,Lesno-2,RUS,53.04,51.94,0,CS77033,asia,
9613,Balan-1,RUS,55.36,61.41,0,CS76687,italy_balkan_caucasus,
9615,Parti-1,RUS,52.99,52.16,0,CS77163,asia,
9616,Krazo-1,RUS,53.06,51.96,0,CS76984,asia,
9617,Karag-1,RUS,51.37,59.44,0,CS76960,asia,
9619,Basta-1,RUS,51.84,79.48,0,CS76691,asia,
9620,Basta-2,RUS,51.82,79.48,0,CS76692,asia,
9621,Basta-3,RUS,51.84,79.46,0,CS76693,asia,
9622,Bijisk-4,RUS,52.52,85.27,0,CS76707,admixed,
9624,Chaba-2,RUS,53.6,79.37,0,CS76767,asia,
9625,Kolyv-2,RUS,51.31,82.59,0,CS76977,asia,
9626,Kolyv-3,RUS,51.36,82.59,0,CS76978,asia,
9627,Kolyv-5,RUS,51.32,82.55,0,CS76979,asia,
9628,Kolyv-6,RUS,51.33,82.54,0,CS76980,asia,
9629,K-oze-1,RUS,51.35,82.18,0,CS76957,asia,
9630,K-oze-3,RUS,51.34,82.16,0,CS76958,asia,
9631,Lebja-1,RUS,51.65,80.79,0,CS77015,asia,
9632,Lebja-2,RUS,51.67,80.82,0,CS77016,asia,
9633,Lebja-4,RUS,51.63,80.83,0,CS77017,asia,
9634,Masl-1,RUS,54.13,81.31,0,CS77073,asia,
9635,Nosov-1,RUS,51.87,80.6,0,CS77130,asia,
9636,Noveg-1,RUS,51.75,80.82,0,CS77131,asia,
9637,Noveg-2,RUS,51.77,80.85,0,CS77132,asia,
9638,Noveg-3,RUS,51.73,80.86,0,CS77133,asia,
9639,Panke-1,RUS,53.82,80.31,0,CS77162,asia,
9640,Rakit-1,RUS,51.87,80.06,0,CS77202,asia,
9641,Rakit-2,RUS,51.9,80.06,0,CS77203,asia,
9642,Rakit-3,RUS,51.84,80.06,0,CS77204,asia,
9643,Sever-1,RUS,52.1,79.31,0,CS77245,asia,
9644,Zupan-1,CRO,45.07,18.72,0,CS78882,central_europe,
9645,Gradi-1,CRO,45.17,18.7,0,CS76887,central_europe,
9646,Aiell-1,ITA,39.126899,16.170188,,CS76648,italy_balkan_caucasus,
9647,Basen-1,ITA,40.37,16.77,0,CS76690,italy_balkan_caucasus,
9648,Bisig-1,ITA,39.48,16.28,0,CS76712,italy_balkan_caucasus,
9649,Bivio-1,ITA,39.13,16.17,0,CS76713,italy_balkan_caucasus,
9651,Filet-1,ITA,40.68,14.87,0,CS76858,italy_balkan_caucasus,
9653,Giffo-1,ITA,38.44,16.13,0,CS76878,italy_balkan_caucasus,
9655,Marce-1,ITA,38.92,16.47,0,CS77071,italy_balkan_caucasus,
9656,Marti-1,ITA,40.64,17.31,0,CS77072,italy_balkan_caucasus,
9657,Melic-1,ITA,38.45,16.04,0,CS77078,italy_balkan_caucasus,
9658,Nicas-1,ITA,38.97,16.34,0,CS77127,italy_balkan_caucasus,
9659,Pigna-1,ITA,41.18,14.18,0,CS77177,italy_balkan_caucasus,
9660,Sarno-1,ITA,40.84,14.57,0,CS77236,italy_balkan_caucasus,
9661,Cimin-1,ITA,39.58,16.21,0,CS76771,italy_balkan_caucasus,
9663,Teano-1,ITA,41.33,14.09,0,CS77357,admixed,
9664,Mitterberg-1-179,ITA,46.366,11.2832,Joerg Wunder,CS78907,central_europe,
9665,Mitterberg-1-180,ITA,46.366,11.2832,Joerg Wunder,CS78908,central_europe,
9666,Mitterberg-1-182,ITA,46.366,11.2832,Joerg Wunder,CS78909,central_europe,
9667,Mitterberg-1-183,ITA,46.366,11.2832,Joerg Wunder,CS78910,central_europe,
9668,Mitterberg-2-184,ITA,46.3668,11.2837,Joerg Wunder,CS77085,central_europe,
9669,Mitterberg-2-185,ITA,46.3668,11.2837,Joerg Wunder,CS77086,central_europe,
9670,Mitterberg-2-186,ITA,46.3668,11.2837,Joerg Wunder,CS77087,central_europe,
9671,Mitterberg-3-187,ITA,46.3668,11.2837,Joerg Wunder,CS77088,central_europe,
9672,Mitterberg-3-188,ITA,46.3668,11.2837,Joerg Wunder,CS77089,central_europe,
9673,Mitterberg-3-189,ITA,46.3668,11.2837,Joerg Wunder,CS77090,central_europe,
9676,Mitterberg-4-192,ITA,46.3718,11.2866,Joerg Wunder,CS77093,central_europe,
9677,Mitterberg-4-193,ITA,46.3718,11.2866,Joerg Wunder,CS77094,central_europe,
9678,Mitterberg-4-194,ITA,46.3718,11.2866,Joerg Wunder,CS77095,central_europe,
9679,Castelfed-1-195,ITA,46.3378,11.2928,Joerg Wunder,CS76744,central_europe,
9680,Castelfed-1-196,ITA,46.3378,11.2928,Joerg Wunder,CS76745,central_europe,
9681,Castelfed-1-197,ITA,46.3378,11.2928,Joerg Wunder,CS76746,central_europe,
9682,Castelfed-1-198,ITA,46.3378,11.2928,Joerg Wunder,CS76747,central_europe,
9683,Castelfed-1-199,ITA,46.3378,11.2928,Joerg Wunder,CS76748,central_europe,
9684,Castelfed-2-200,ITA,46.3378,11.2928,Joerg Wunder,CS76749,central_europe,
9685,Castelfed-2-201,ITA,46.3378,11.2928,Joerg Wunder,CS76750,central_europe,
9686,Castelfed-2-202,ITA,46.3378,11.2928,Joerg Wunder,CS76751,central_europe,
9687,Castelfed-2-203,ITA,46.3378,11.2928,Joerg Wunder,CS76752,central_europe,
9689,Castelfed-3-205,ITA,46.3378,11.2928,Joerg Wunder,CS76754,central_europe,
9690,Castelfed-3-206,ITA,46.3378,11.2928,Joerg Wunder,CS76755,central_europe,
9691,Castelfed-3-207,ITA,46.3378,11.2928,Joerg Wunder,CS76756,admixed,
9692,Castelfed-3-208,ITA,46.3378,11.2928,Joerg Wunder,CS76757,central_europe,
9693,Castelfed-3-209,ITA,46.3378,11.2928,Joerg Wunder,CS76758,central_europe,
9694,Castelfed-4-210,ITA,46.3378,11.2928,Joerg Wunder,CS78891,central_europe,
9695,Castelfed-4-211,ITA,46.3378,11.2928,Joerg Wunder,CS78892,central_europe,
9696,Castelfed-4-214,ITA,46.3378,11.2928,Joerg Wunder,CS78893,central_europe,
9697,Dolen-1,BUL,41.62,23.94,0,CS76802,italy_balkan_caucasus,
9698,Goced-1,BUL,41.57,23.85,0,CS76882,italy_balkan_caucasus,
9699,Kolar-1,BUL,41.37,23.14,0,CS76974,italy_balkan_caucasus,
9700,Dolna-1-10,BUL,42.32,23.1,0,CS76803,italy_balkan_caucasus,
9701,Ivano-1,BUL,43.7,25.91,0,CS76954,italy_balkan_caucasus,
9703,Melni-1,BUL,41.53,23.39,0,CS77079,italy_balkan_caucasus,
9704,Melni-2,BUL,41.53,23.39,0,CS77080,italy_balkan_caucasus,
9705,Choto-1,BUL,41.5,23.33,0,CS76769,italy_balkan_caucasus,
9706,Dospa-1,BUL,41.64,24.18,0,CS76807,italy_balkan_caucasus,
9707,Podvi-1,BUL,41.57,24.84,0,CS77187,italy_balkan_caucasus,
9708,Kardz-1,BUL,41.62,25.35,0,CS76962,italy_balkan_caucasus,
9709,Zerev-1-34,BUL,41.85,23.13,0,CS78878,italy_balkan_caucasus,
9710,Zerev-1-35,BUL,41.85,23.13,0,CS78879,italy_balkan_caucasus,
9711,Dolna-1-39,BUL,42.32,23.1,0,CS76804,italy_balkan_caucasus,
9712,Dolna-1-40,BUL,42.32,23.1,0,CS76805,italy_balkan_caucasus,
9713,Stara-1,BUL,42.49,25.61,0,CS77271,italy_balkan_caucasus,
9714,Grivo-1,BUL,41.84,25.75,0,CS76888,italy_balkan_caucasus,
9716,Leska-1-44,BUL,41.54,24.98,0,CS77030,italy_balkan_caucasus,
9717,Kardz-2,BUL,41.66,25.47,0,CS76963,italy_balkan_caucasus,
9718,Smolj-1,BUL,41.55,24.75,0,CS77256,italy_balkan_caucasus,
9719,Koren-1,BUL,41.83,25.69,0,CS76983,italy_balkan_caucasus,
9720,Malak-1,BUL,41.77,25.68,0,CS77064,italy_balkan_caucasus,
9721,Schip-1,BUL,42.72,25.33,0,CS77239,italy_balkan_caucasus,
9722,Groch-1,BUL,41.71,24.41,0,CS76890,italy_balkan_caucasus,
9723,Slavi-2,BUL,41.42,23.67,0,CS77252,italy_balkan_caucasus,
9725,Epidauros-1,GRC,37.6,23.08,0,CS76844,italy_balkan_caucasus,
9726,Faneronemi-3,GRC,37.07,22.04,0,CS76853,italy_balkan_caucasus,
9727,Olympia-2,GRC,37.63,21.62,0,CS77144,central_europe,
9728,Stiav-1,SVK,48.46,18.9,0,CS77279,central_europe,
9729,Stiav-2,SVK,48.46,18.9,0,CS77280,central_europe,
9730,Bela-1,SVK,48.47,18.94,0,CS76696,central_europe,
9731,Stiav-3,SVK,48.46,18.9,0,CS77281,central_europe,
9732,Halca-1,SVK,48.47,18.96,0,CS76909,central_europe,
9733,Bela-2,SVK,48.47,18.94,0,CS76697,central_europe,
9735,Bela-4,SVK,48.47,18.94,0,CS76699,central_europe,
9736,Teiu-2,ROU,44.69,25.17,0,CS77361,admixed,
9737,Ulies-1,ROU,45.95,22.62,0,CS78815,asia,
9738,Bran-1,ROU,45.57,25.42,0,CS76722,admixed,
9739,Toc-1,ROU,46.01,22.33,0,CS77370,central_europe,
9741,Orast-1,ROU,45.84,23.16,0,CS77151,central_europe,
9743,Furni-1,ROU,45.14,25,0,CS76873,admixed,
9744,Iasi-1,ROU,47.16,27.59,0,CS76944,admixed,
9745,Sij 1/96,UZB,41.45,70.05,0,CS77249,asia,
9747,Zabar-1,SRB,44.38,21.22,0,CS78870,central_europe,
9748,Zagub-1,SRB,44.23,21.71,0,CS78871,admixed,
9749,Knjas-1,SRB,43.54,22.29,0,CS76971,italy_balkan_caucasus,
9754,Sredn-1,SRB,44.66,21.37,0,CS77269,admixed,
9755,Vajug-1,SRB,44.56,22.56,0,CS78828,italy_balkan_caucasus,
9756,Staro-2,SRB,44.3,21.08,0,CS77273,central_europe,
9757,Staro-1,SRB,44.3,21.08,0,CS77272,italy_balkan_caucasus,
9758,Altai-5,CHN,47.75,88.4,0,CS76433,asia,
9759,Anz-0,IRN,37.47,49.47,0,CS76439,italy_balkan_caucasus,
9761,Bik-1,LBN,33.92,35.7,0,CS76449,central_europe,
9762,Etna-2,ITA,37.69,14.98,0,CS76487,admixed,Y
9764,Qar-8a,LBN,34.1,35.84,0,CS76581,admixed,Y
9766,Westkar-4,KGZ,42.26,74.16,0,CS76629,asia,
9768,Ru4-16,GER,48.57,9.16,0,CS77225,central_europe,
9769,HE-1,GER,48.55,8.99,0,CS76916,central_europe,
9770,KBG2-13,GER,48.53,9.01,0,CS76966,central_europe,
9771,Pfn-N2.2-6,GER,48.56,9.11,0,CS77172,central_europe,
9772,Hof-1,GER,48.41,8.85,0,CS76925,central_europe,
9774,Alt-1,GER,48.59,9.22,0,CS76663,central_europe,
9775,Berg-1,GER,48.41,8.79,0,CS76701,central_europe,
9776,Fell3-7,GER,48.43,8.79,0,CS76857,central_europe,
9777,Gn-1,GER,48.57,9.17,0,CS76880,central_europe,
9778,Bach-7,GER,48.41,8.84,0,CS76679,central_europe,
9779,Bai-10,GER,48.5,8.78,0,CS76682,central_europe,
9780,Fell2-4,GER,48.43,8.79,0,CS76856,central_europe,
9781,Kus2-2,GER,48.52,9.11,0,CS76990,central_europe,
9782,Lu3-30,GER,48.53,9.09,0,CS77057,central_europe,
9783,Tu-PK-7,GER,48.52,9.05,0,CS77396,admixed,
9784,Erg2-6,GER,48.5,8.8,0,CS76845,central_europe,
9785,Ha-HBT1-2,GER,48.54,9.02,0,CS76898,central_europe,
9786,Ha-P-13,GER,48.54,9.01,0,CS76901,central_europe,
9787,HI-4,GER,48.5,9,0,CS76922,central_europe,
9788,KBG1-14,GER,48.53,9.01,0,CS76965,central_europe,
9789,Obh-13,GER,48.39,8.96,0,CS77140,central_europe,
9790,Gn2-3,GER,48.58,9.18,0,CS76881,central_europe,
9791,Haes-1,GER,48.6,9.2,0,CS76914,central_europe,
9792,Lu4-2,GER,48.54,9.09,0,CS77058,central_europe,
9793,Ru-N2,GER,48.57,9.16,0,CS77224,central_europe,
9794,Tu-B1-2,GER,48.52,9.08,0,CS77391,central_europe,
9795,Wank-2,GER,48.5,9.11,0,CS78852,central_europe,
9796,Bach2-1,GER,48.41,8.84,0,CS76680,central_europe,
9797,Ha-HBT2-10,GER,48.54,9.02,0,CS76899,central_europe,
9798,Ha-P2-1,GER,48.54,9.01,0,CS76902,central_europe,
9799,Hart-2,GER,48.39,8.85,0,CS76913,central_europe,
9800,Ha-S-B,GER,48.54,9.01,0,CS76903,central_europe,
9801,Ha-SP-2,GER,48.54,9.01,0,CS76904,central_europe,
9802,Kus3-1,GER,48.51,9.11,0,CS76991,central_europe,
9803,Muh-2,GER,48.42,8.76,0,CS77113,central_europe,
9804,Obe1-15,GER,48.45,8.87,0,CS77139,central_europe,
9805,Pfn-10,GER,48.54,9.09,0,CS77171,central_europe,
9806,Ru-2,GER,48.56,9.16,0,CS77223,central_europe,
9807,Schl-7,GER,48.6,9.22,0,CS77240,central_europe,
9808,Tu-B2-3,GER,48.52,9.08,0,CS77392,central_europe,
9809,Tu-KB-6,GER,48.52,9.05,0,CS77393,western_europe,
9810,Tu-KS-7,GER,48.53,9.07,0,CS77394,central_europe,
9811,Tu-NK-12,GER,48.52,9.05,0,CS77395,central_europe,
9812,Tu-W1,GER,48.52,9.03,0,CS77397,central_europe,
9813,BI-4,GER,48.4,8.77,0,CS76706,central_europe,
9814,Fell1-10,GER,48.42,8.79,0,CS76855,central_europe,
9815,Ha-HBT3-11,GER,48.54,9.02,0,CS76900,central_europe,
9816,Tu-WH,GER,48.55,9.06,0,CS77398,central_europe,
9817,IP-Ace-0,ESP,39.84,-6.6,Carlos Alonso-Blanco,CS76642,spain,
9819,IP-Amu-0,ESP,42.35,-3.03,Carlos Alonso-Blanco,CS76664,spain,
9820,IP-Are-0,ESP,41,-4.71,Carlos Alonso-Blanco,CS76671,spain,
9821,IP-Aru-0,ESP,41.81,2.49,Xavier Picó,CS76674,spain,
9822,IP-Aul-0,ESP,40.52,-4.02,Carlos Alonso-Blanco,CS76675,spain,
9823,IP-Bae-0,ESP,43.34,-5.84,Carlos Alonso-Blanco,CS76681,western_europe,
9824,IP-Bes-5,ESP,42.91,-4.91,Carlos Alonso-Blanco,CS76702,admixed,
9825,IP-Boa-0,ESP,40.4,-3.88,Carlos Alonso-Blanco,CS76714,spain,
9826,IP-Bor-0,ESP,42.49,-6.71,Carlos Alonso-Blanco,CS76717,western_europe,
9827,IP-Bos-0,ESP,42.78,0.69,Xavier Picó,CS76719,western_europe,
9828,IP-Bra-0,ESP,42.5,-6.15,Xavier Picó,CS76721,western_europe,
9830,IP-Bus-0,ESP,36.97,-3.28,Carlos Alonso-Blanco,CS76736,admixed,
9831,IP-Cas-0,ESP,38.53408,-3.39072,Carlos Alonso-Blanco,CS76743,admixed,
9832,IP-Cat-0,ESP,40.54208,-3.68695,Carlos Alonso-Blanco,CS76759,relict,Y
9833,IP-Cha-0,ESP,40.38,-4.21,Carlos Alonso-Blanco,CS76764,spain,
9834,IP-Cho-0,ESP,40.51,-3.9,Carlos Alonso-Blanco,CS76768,spain,
9835,IP-Cir-0,ESP,40.61,-6.57,Carlos Alonso-Blanco,CS76772,admixed,
9836,IP-Cod-0,ESP,41.25,-1.32,Carlos Alonso-Blanco,CS76777,spain,
9837,IP-Con-0,ESP,37.94,-5.6,Xavier Picó,CS76780,relict,Y
9838,IP-Cot-0,ESP,41.83,-5.38,Carlos Alonso-Blanco,CS76784,admixed,
9839,IP-Coy-0,ESP,40.44,-4.27,Carlos Alonso-Blanco,CS76785,admixed,
9840,IP-Dar-0,ESP,41.13,-1.43,Carlos Alonso-Blanco,CS76792,spain,
9841,IP-Ees-0,ESP,40.59,-4.15,Carlos Alonso-Blanco,CS76836,spain,
9843,IP-Elp-0,ESP,40.53,-3.92,Carlos Alonso-Blanco,CS76840,spain,
9844,IP-Esn-2,ESP,42.27,0.19,Carlos Alonso-Blanco,CS76846,spain,
9845,IP-Evs-0,ESP,40.47918,-3.959696,Carlos Alonso-Blanco,CS76848,spain,
9846,IP-Ezc-2,ESP,42.31,-3.02,Carlos Alonso-Blanco,CS76849,spain,
9847,IP-Fel-2,ESP,43.31,-5.7,Carlos Alonso-Blanco,CS76854,western_europe,
9848,IP-Glo-1,ESP,40.11,-5.77,Carlos Alonso-Blanco,CS76879,spain,
9849,IP-Gud-3,ESP,40.65,-4.11,Carlos Alonso-Blanco,CS76895,admixed,
9850,IP-Hec-0,ESP,42.86,-0.7,Carlos Alonso-Blanco,CS76917,spain,
9851,IP-Hue-3,ESP,42.96,-6.1,Carlos Alonso-Blanco,CS76942,western_europe,
9852,IP-Ini-0,ESP,40.46,-3.75,Carlos Alonso-Blanco,CS76945,spain,
9853,IP-Lac-0,ESP,43.33,-5.91,Carlos Alonso-Blanco,CS76996,western_europe,
9854,IP-Laf-1,ESP,43.36,-5.88,Carlos Alonso-Blanco,CS76997,western_europe,
9855,IP-Lam-0,ESP,40.57,-3.89,Carlos Alonso-Blanco,CS77008,spain,
9856,IP-Lch-0,ESP,40.51,-4,Carlos Alonso-Blanco,CS77010,spain,
9857,IP-Leg-0,ESP,40.33,-3.8,Carlos Alonso-Blanco,CS77019,spain,
9858,IP-Loz-0,ESP,40.98,-3.8,Carlos Alonso-Blanco,CS77051,admixed,
9859,IP-Lro-0,ESP,40.5,-3.88,Carlos Alonso-Blanco,CS77054,spain,
9860,IP-Lum-0,ESP,42.24,-2.62,Carlos Alonso-Blanco,CS77059,spain,
9861,IP-Mac-0,ESP,40.72,-3.21,Carlos Alonso-Blanco,CS77061,spain,
9862,IP-Mad-0,ESP,40.45,-3.67,Carlos Alonso-Blanco,CS77062,western_europe,
9864,IP-Mat-0,ESP,41.76,2.69,Xavier Picó,CS77074,spain,
9866,IP-Mdd-0,ESP,41.89,-2.79,Carlos Alonso-Blanco,CS77076,spain,
9867,IP-Mie-1,ESP,40.94151,-3.218865,Xavier Picó,CS77083,spain,
9868,IP-Moe-0,ESP,41.78,2.37,Xavier Picó,CS77104,spain,
9869,IP-Moj-0,ESP,36.76,-5.28,Xavier Picó,CS77105,relict,Y
9870,IP-Moz-0,ESP,41.91,0.17,Carlos Alonso-Blanco,CS77111,spain,
9871,IP-Nac-0,ESP,40.75,-3.99,Carlos Alonso-Blanco,CS77117,relict,Y
9873,IP-Ndc-0,ESP,37.94,-5.45,Xavier Picó,CS77125,spain,
9874,IP-Oja-0,ESP,42.34,-3,Carlos Alonso-Blanco,CS77143,spain,
9875,IP-Ovi-1,ESP,43.38,-5.87,Carlos Alonso-Blanco,CS77155,western_europe,
9876,IP-Pad-0,ESP,41.34,0.99,Carlos Alonso-Blanco,CS77158,spain,
9877,IP-Pdl-0,ESP,43.02,-5.6,Carlos Alonso-Blanco,CS77165,admixed,
9878,IP-Pee-0,ESP,40.78,-3.62,Carlos Alonso-Blanco,CS77167,spain,
9879,IP-Per-0,ESP,37.6,-1.12,Carlos Alonso-Blanco,CS77169,relict,Y
9880,IP-Pib-1,ESP,42.72,-3.44,Carlos Alonso-Blanco,CS77175,spain,
9881,IP-Pie-0,ESP,40.46,-5.32,Carlos Alonso-Blanco,CS77176,admixed,
9882,IP-Pil-0,ESP,40.46,-4.26,Carlos Alonso-Blanco,CS77178,spain,
9883,IP-Piq-0,ESP,42.1,-2.56,Carlos Alonso-Blanco,CS77179,spain,
9885,IP-Prd-0,ESP,41.14,-3.68,Carlos Alonso-Blanco,CS77189,spain,
9886,IP-Pru-0,ESP,42.38,1.73,Xavier Picó,CS77190,spain,
9887,IP-Pun-0,ESP,40.4,-4.77,Carlos Alonso-Blanco,CS77196,relict,Y
9888,IP-Pva-1,ESP,40.93,-3.31,Xavier Picó,CS77197,spain,
9890,IP-Rib-1,ESP,43.16,-5.07,Carlos Alonso-Blanco,CS77217,admixed,
9891,IP-Sal-0,ESP,41.93,2.92,Xavier Picó,CS77230,spain,
9892,IP-Sam-0,ESP,42.68,-6.96,Carlos Alonso-Blanco,CS77231,admixed,
9894,IP-Sen-0,ESP,42.59,0.76,Xavier Picó,CS77243,admixed,
9895,IP-Sfb-6,ESP,41.78,2.57,Xavier Picó,CS77248,spain,
9897,IP-Smt-1,ESP,40.95,-5.63,Xavier Picó,CS77257,admixed,
9898,IP-Som-0,ESP,41.14,-3.58,Carlos Alonso-Blanco,CS77259,spain,
9899,IP-Tau-0,ESP,42.54,0.84,Xavier Picó,CS77342,spain,
9900,IP-Tri-0,ESP,37.38,-6.01,Xavier Picó,CS77386,spain,
9901,IP-Urd-1,ESP,42.27,-2.98,Carlos Alonso-Blanco,CS78824,spain,
9902,IP-Usa-0,ESP,40.71,-3.24,Carlos Alonso-Blanco,CS78825,spain,
9903,IP-Val-0,ESP,42.31,-3.1,Carlos Alonso-Blanco,CS78829,spain,
9904,IP-Vas-0,ESP,40.95,-3.31,Carlos Alonso-Blanco,CS78833,spain,
9905,IP-Ven-0,ESP,40.76,-4.01,Carlos Alonso-Blanco,CS78840,relict,Y
9906,IP-Mah-6,ESP,40,4.25,Xavier Picó,CS77063,admixed,
9908,ESP-1-11,FRA,50.72,3.47,0,CS76847,western_europe,
9909,GEN-8,FRA,50.59,3.3,0,CS76877,western_europe,
9910,BRI-2,FRA,50.68,3.52,0,CS76725,western_europe,
9911,ARGE-1-15,FRA,47.16,4.28,0,CS76672,western_europe,
9912,CIRY-13,FRA,46.67,4.55,0,CS76773,western_europe,
9914,IST-29,FRA,47.58,5.33,0,CS76948,central_europe,
9915,Mar-4-16,FRA,47.45,3.94,0,CS77069,central_europe,
9917,RAD-21,FRA,46.69,4.34,0,CS77200,western_europe,
9918,SAUL-24,FRA,47.43,5.21,0,CS77237,western_europe,
9920,DIR-9,FRA,48.54,4.32,0,CS76796,germany,
9921,FOR-23,FRA,48.57,4.41,0,CS76867,western_europe,
9924,PLY-20,FRA,48.59,4.24,0,CS77181,admixed,
9925,RUM-20,FRA,48.91,4.52,0,CS77226,western_europe,
9926,TRE-1,FRA,48.86,4.1,0,CS77385,western_europe,
9927,ARR-17,FRA,44.05,3.69,0,CS76673,western_europe,
9928,BEZ-9,FRA,44.12,3.77,0,CS76703,western_europe,
9929,ISS-20,FRA,43.92,3.71,0,CS76947,western_europe,
9930,LEC-25,FRA,43.91,4.14,0,CS77018,central_europe,
9932,NOZ-6,FRA,44.12,4.33,0,CS77134,admixed,
9933,VED-10,FRA,43.74,3.89,0,CS78839,admixed,
9935,BAU-15,FRA,50.6,2.93,0,CS76694,western_europe,
9937,CATS-6,FRA,50.79,2.69,0,CS76760,western_europe,
9938,WAV-8,FRA,50.65,2.99,0,CS78854,western_europe,
9939,Aitba-2,MAR,31.48,-7.45,,CS76347,relict,
9941,Fei-0,POR,40.92,-8.54,,CS76412,western_europe,
9942,Agu-1,ESP,41.32,-1.34,,CS76409,spain,
9943,Cdm-0,ESP,39.73,-5.74,,CS76410,spain,
9944,Don-0,ESP,36.83,-6.36,,CS76411,relict,Y
9945,Leo-1,ESP,41.8,-3.11,,CS76413,admixed,
9946,Mer-6,ESP,38.92,-6.34,,CS76414,spain,
9947,Ped-0,ESP,40.74,-3.9,,CS76415,relict,Y
9948,Pra-6,ESP,41.05,-3.54,,CS76416,spain,
9949,Qui-0,ESP,42.69,-6.93,,CS76417,western_europe,
9950,Vie-0,ESP,42.63,0.76,,CS76418,spain,
9951,Kly-1,RUS,51.3333,82.5667,Heike Schmuths,CS76385,asia,
9952,Kly-4,RUS,51.32,82.55,,CS76384,asia,
9953,Koz-2,RUS,51.33,82.19,,CS76383,asia,
9955,Stepn-2,RUS,54.09,60.46,,CS76377,asia,
9956,Stepn-1,RUS,54.06,60.48,,CS76378,asia,
9957,Borsk-2,RUS,53.04,51.75,,CS76421,asia,
9958,Shigu-1,RUS,53.33,49.48,,CS76375,asia,
9959,Shigu-2,RUS,53.33,49.48,,CS76374,asia,
9960,Kidr-1,RUS,51.31,57.56,,CS76376,asia,
9962,Galdo-1,ITA,40.57,15.32,,CS76423,italy_balkan_caucasus,
9963,Lago-1,ITA,39.18,16.26,,CS76367,italy_balkan_caucasus,
9964,Mammo-1,ITA,38.36,16.23,,CS76365,italy_balkan_caucasus,
9965,Mammo-2,ITA,38.38,16.22,,CS76364,italy_balkan_caucasus,
9966,Monte-1,ITA,40.28,15.65,,CS76361,italy_balkan_caucasus,
9968,Timpo-1,ITA,39.27,16.27,,CS76424,italy_balkan_caucasus,
9969,Valsi-1,ITA,40.18,16.45,,CS76425,italy_balkan_caucasus,
9970,Altenb-2,ITA,46.3716,11.2376,Joerg Wunder,CS76353,central_europe,
9971,Bozen-1.1,ITA,46.513,11.331,Joerg Wunder,CS76357,central_europe,
9972,Bozen-1.2,ITA,46.513,11.331,Joerg Wunder,CS76358,central_europe,
9973,Mitterberg-1-181,ITA,46.366,11.2832,Joerg Wunder,CS76354,central_europe,
9974,Castelfed-4-212,ITA,46.3378,11.2928,Joerg Wunder,CS76355,central_europe,
9975,Castelfed-4-213,ITA,46.3378,11.2928,Joerg Wunder,CS76356,central_europe,
9976,Rovero-1,ITA,46.2543,11.167,Joerg Wunder,CS76351,central_europe,
9978,Vezzano-2.2,ITA,46.6297,10.817,Joerg Wunder,CS76350,central_europe,
9979,Voeran-1,ITA,46.36,11.23,,CS76352,central_europe,
9980,Angel-1,ITA,38.62,16.17,,CS76362,italy_balkan_caucasus,
9981,Angit-1,ITA,38.76,16.24,,CS76366,italy_balkan_caucasus,
9982,Apost-1,ITA,39.01,16.47,,CS76368,italy_balkan_caucasus,
9983,Ciste-1,ITA,41.62,12.87,,CS76359,admixed,
9984,Ciste-2,ITA,41.62,12.87,,CS76360,admixed,
9985,Slavi-1,BUL,41.43,23.65,,CS76419,italy_balkan_caucasus,
9986,Jablo-1,BUL,41.59,25.2,,CS76372,italy_balkan_caucasus,
9987,Lecho-1,BUL,41.43,23.5,,CS76371,italy_balkan_caucasus,
9988,Bak-2,GEO,41.7942,43.4767,James Beck,CS76392,italy_balkan_caucasus,
9990,Lag2-2,GEO,41.8296,46.2831,James Beck,CS76390,italy_balkan_caucasus,
9991,Vash-1,GEO,41.2381,46.3728,James Beck,CS76391,italy_balkan_caucasus,
9993,Nemrut-1,TUR,38.6425,42.2394,James Beck,CS76398,admixed,
9995,HKT2.4,GER,48.14,9.4,,CS76404,central_europe,
9996,Nie1-2,GER,48.52,8.8,,CS76402,central_europe,
9997,Rue3-1-31,GER,48.56,9.16,,CS76406,central_europe,
9998,Star-8,GER,48.43,8.82,,CS76400,admixed,
9999,TueSB30-3,GER,48.53,9.06,,CS76403,central_europe,
10001,TueV-13,GER,48.52,9.05,Kirsten Bomblies,CS76407,western_europe,
10002,TueWa1-2,GER,48.53,9.04,Kirsten Bomblies,CS76405,western_europe,
10004,Bolin-1,ROU,44.46,25.74,,CS76373,italy_balkan_caucasus,
10005,Copac-1,ROU,46.11,21.95,,CS76420,central_europe,
10006,Kastel-1,UKR,44.6419,34.3814,James Beck,CS76395,italy_balkan_caucasus,
10008,Sij-1,UZB,41.45,70.05,Heike Schmuths,CS76379,asia,
10009,Sij-2,UZB,41.45,70.05,,CS76380,asia,
10010,Sij-4,UZB,41.45,70.05,,CS76381,asia,
10011,Yeg-1,ARM,39.8692,45.3622,James Beck,CS76394,asia,
10012,Istisu-1,AZE,38.9786,48.5594,James Beck,CS76389,italy_balkan_caucasus,
10013,Lerik1-3,AZE,38.7406,48.6131,James Beck,CS76388,italy_balkan_caucasus,
10014,Xan-1,AZE,38.6536,48.7992,James Beck,CS76387,italy_balkan_caucasus,
10015,Ara-1,AFG,37.29,71.3,,CS76382,asia,
10017,Petro-1,SRB,44.34,21.46,,CS76370,central_europe,
10018,Dobra-1,SRB,44.84,20.16,,CS76369,central_europe,
10020,Jl-2,CZE,49.17,16.5,,CS76956,central_europe,
10022,Uk-3,GER,48.0333,7.7667,Albert Kranz,CS78777,admixed,
10023,Strand-1,NOR,68.8,15.45,,CS77284,admixed,
10027,Uk-6,GER,48.02838,7.765567,Eunyoung Chae,CS78938,central_europe,
14312,Kos-1,RUS,62.02,34.12,Magnus Nordborg,CS78923,asia,
14313,Kos-2,RUS,62.02,34.12,Magnus Nordborg,CS78924,asia,
14314,Radk-1,RUS,61.59,35.11,Magnus Nordborg,CS78927,asia,
14315,Radk-2,RUS,61.59,35.11,Magnus Nordborg,CS78928,asia,
14318,Shu-1,RUS,61.94,34.24,Magnus Nordborg,CS78930,asia,
14319,Shu-2,RUS,61.94,34.24,Magnus Nordborg,CS78931,asia,
15560,Valm,RUS,61.37,61.37,Magnus Nordborg,CS78932,asia,
15591,OOE1-1,AUT,48.3315333,14.72665,Wolfram Weckwert,CS78939,central_europe,
15592,OOE3-1,AUT,48.3314667,14.7158667,Wolfram Weckwert,CS78940,central_europe,
15593,OOE3-2,AUT,48.3314667,14.7158667,Wolfram Weckwert,CS78941,central_europe,
18694,Pien,RUS,60.4,32.09,Magnus Nordborg,CS78926,asia,
18696,Samm,RUS,61.57,30.63,Magnus Nordborg,CS78929,asia,
19949,OOE2-1,AUT,48.3268333,14.7181667,Wolfram Weckwert,CS79036,central_europe,
19950,OOE2-2,AUT,48.3268333,14.7181667,Wolfram Weckwert,CS79037,central_europe,
19951,OOE23,AUT,48.3268333,14.7181667,Wolfram Weckwert,CS79038,central_europe,